CHROM	POS	REF	ALT	ANN[0].EFFECT	ANN[0].IMPACT	ANN[0].GENE	ANN[0].HGVS_P
Chromosome	1977	A	G	upstream_gene_variant	MODIFIER	dnaN	
Chromosome	4013	T	C	missense_variant	MODERATE	recF	p.Ile245Thr
Chromosome	7362	G	C	missense_variant	MODERATE	gyrA	p.Glu21Gln
Chromosome	7585	G	C	missense_variant	MODERATE	gyrA	p.Ser95Thr
Chromosome	9304	G	A	missense_variant	MODERATE	gyrA	p.Gly668Asp
Chromosome	11879	A	G	missense_variant	MODERATE	Rv0008c	p.Ser145Pro
Chromosome	13074	G	A	upstream_gene_variant	MODIFIER	Rv0008c	
Chromosome	14785	T	C	missense_variant	MODERATE	Rv0012	p.Cys233Arg
Chromosome	21795	G	A	missense_variant	MODERATE	pstP	p.Pro463Ser
Chromosome	26377	T	C	missense_variant	MODERATE	Rv0021c	p.Ile169Val
Chromosome	26653	G	A	stop_gained	HIGH	Rv0021c	p.Gln77*
Chromosome	26959	C	G	upstream_gene_variant	MODIFIER	pstP	
Chromosome	32449	C	A	synonymous_variant	LOW	Rv0029	p.Gly131Gly
Chromosome	34044	T	C	upstream_gene_variant	MODIFIER	bioF2	
Chromosome	35749	A	G	synonymous_variant	LOW	bioF2	p.Gly485Gly
Chromosome	37031	C	G	synonymous_variant	LOW	Rv0034	p.Ala55Ala
Chromosome	42967	G	C	synonymous_variant	LOW	mtc28	p.Pro133Pro
Chromosome	48860	A	G	synonymous_variant	LOW	Rv0044c	p.Pro56Pro
Chromosome	55553	CCG	CCGTCG	conservative_inframe_insertion	MODERATE	ponA1	p.Pro631_Glu632insSer
Chromosome	62049	A	G	missense_variant	MODERATE	dnaB	p.Arg552Gly
Chromosome	62226	G	A	missense_variant	MODERATE	dnaB	p.Asp611Asn
Chromosome	66300	G	C	missense_variant	MODERATE	celA1	p.Trp250Ser
Chromosome	66342	G	A	missense_variant	MODERATE	celA1	p.Gly264Asp
Chromosome	69989	G	A	missense_variant	MODERATE	Rv0064	p.Gly457Asp
Chromosome	70816	A	G	missense_variant	MODERATE	Rv0064	p.Asn733Asp
Chromosome	71336	G	C	missense_variant	MODERATE	Rv0064	p.Arg906Pro
Chromosome	71584	CCG	CCGAGCGCTGTTCTGGCGCTAATCTGACGCTAGAATAGCG	upstream_gene_variant	MODIFIER	vapB1	
Chromosome	75940	G	C	missense_variant	MODERATE	Rv0068	p.Val214Leu
Chromosome	79541	C	T	missense_variant	MODERATE	Rv0071	p.Pro19Leu
Chromosome	80616	C	G	upstream_gene_variant	MODIFIER	sdaA	
Chromosome	89956	C	T	synonymous_variant	LOW	Rv0082	p.Gly11Gly
Chromosome	91644	C	G	synonymous_variant	LOW	Rv0083	p.Thr415Thr
Chromosome	92199	T	G	synonymous_variant	LOW	Rv0083	p.Thr600Thr
Chromosome	98069	G	A	synonymous_variant	LOW	Rv0089	p.Ala104Ala
Chromosome	102304	C	T	synonymous_variant	LOW	ctpA	p.Asp574Asp
Chromosome	104782	G	A	upstream_gene_variant	MODIFIER	Rv0093c	
Chromosome	104785	A	G	upstream_gene_variant	MODIFIER	Rv0093c	
Chromosome	104838	T	G	missense_variant	MODERATE	Rv0095c	p.Glu126Asp
Chromosome	104856	C	T	synonymous_variant	LOW	Rv0095c	p.Leu120Leu
Chromosome	104858	G	A	synonymous_variant	LOW	Rv0095c	p.Leu120Leu
Chromosome	104941	T	C	missense_variant	MODERATE	Rv0095c	p.Gln92Arg
Chromosome	104942	G	C	missense_variant	MODERATE	Rv0095c	p.Gln92Glu
Chromosome	104944	G	A	missense_variant	MODERATE	Rv0095c	p.Ala91Val
Chromosome	104962	G	A	missense_variant	MODERATE	Rv0095c	p.Ala85Val
Chromosome	116000	T	G	synonymous_variant	LOW	nrp	p.Val2000Val
Chromosome	122109	A	G	missense_variant	MODERATE	ctpB	p.Leu22Ser
Chromosome	125830	GAAAA	GAAAAA	frameshift_variant	HIGH	ctpI	p.Ser1571fs
Chromosome	126270	C	G	synonymous_variant	LOW	ctpI	p.Ala1424Ala
Chromosome	129477	G	T	missense_variant	MODERATE	ctpI	p.Asn355Lys
Chromosome	130083	A	C	synonymous_variant	LOW	ctpI	p.Ala153Ala
Chromosome	131174	TGG	TGGG	upstream_gene_variant	MODIFIER	ctpI	
Chromosome	132417	C	G	missense_variant	MODERATE	PE_PGRS1	p.Arg346Gly
Chromosome	133839	C	T	upstream_gene_variant	MODIFIER	ctpI	
Chromosome	143667	C	T	synonymous_variant	LOW	oxcA	p.Gly70Gly
Chromosome	146087	T	C	missense_variant	MODERATE	fusA2	p.Asn562Ser
Chromosome	154283	T	C	missense_variant	MODERATE	mak	p.Ser18Pro
Chromosome	177506	T	G	upstream_gene_variant	MODIFIER	Rv0150c	
Chromosome	177857	G	A	synonymous_variant	LOW	PE1	p.Leu485Leu
Chromosome	188800	T	C	missense_variant	MODERATE	PE3	p.Thr14Ala
Chromosome	188861	G	A	upstream_gene_variant	MODIFIER	Rv0157A	
Chromosome	194681	G	C	synonymous_variant	LOW	mce1R	p.Leu45Leu
Chromosome	196642	C	T	synonymous_variant	LOW	fadD5	p.Asn550Asn
Chromosome	197782	C	G	synonymous_variant	LOW	yrbE1B	p.Thr41Thr
Chromosome	198521	A	G	missense_variant	MODERATE	yrbE1B	p.Thr288Ala
Chromosome	203704	T	C	missense_variant	MODERATE	mce1D	p.Val410Ala
Chromosome	206339	T	C	missense_variant	MODERATE	mce1F	p.Leu370Pro
Chromosome	223942	T	C	missense_variant	MODERATE	Rv0192	p.Ser127Pro
Chromosome	225323	T	C	missense_variant	MODERATE	Rv0193c	p.Lys417Glu
Chromosome	227098	T	C	missense_variant	MODERATE	Rv0194	p.Met74Thr
Chromosome	231114	C	G	synonymous_variant	LOW	Rv0195	p.Ala72Ala
Chromosome	234160	A	C	missense_variant	MODERATE	Rv0197	p.Asn644His
Chromosome	234477	T	G	stop_gained	HIGH	Rv0197	p.Tyr749*
Chromosome	234496	C	CGT	frameshift_variant	HIGH	Rv0197	p.Pro756fs
Chromosome	261869	T	C	missense_variant	MODERATE	Rv0218	p.Cys316Arg
Chromosome	265554	A	C	synonymous_variant	LOW	echA1	p.Val16Val
Chromosome	278681	C	G	missense_variant	MODERATE	nrdB	p.His33Asp
Chromosome	285772	A	C	synonymous_variant	LOW	aftD	p.Pro360Pro
Chromosome	285871	A	G	synonymous_variant	LOW	aftD	p.Val327Val
Chromosome	295423	T	G	missense_variant	MODERATE	fadE5	p.Thr71Pro
Chromosome	296325	C	T	synonymous_variant	LOW	Rv0245	p.Gly107Gly
Chromosome	306833	C	T	synonymous_variant	LOW	cobQ1	p.Arg342Arg
Chromosome	310973	G	A	missense_variant	MODERATE	Rv0259c	p.Ala182Val
Chromosome	311613	G	T	synonymous_variant	LOW	Rv0260c	p.Val349Val
Chromosome	332632	G	C	synonymous_variant	LOW	Rv0276	p.Leu295Leu
Chromosome	333892	G	C	missense_variant	MODERATE	PE_PGRS3	p.Arg807Gly
Chromosome	333904	G	T	missense_variant	MODERATE	PE_PGRS3	p.Leu803Ile
Chromosome	335810	CCCGCCGGCGCCGCCGTTGCCGCCGGCGCCGCCGTTGCCGCCGGCGCCGCCGTTG	CCCGCCGGCGCCGCCGTTGCCGCCGGCGCCGCCGTTG	conservative_inframe_deletion	MODERATE	PE_PGRS3	p.Asn150_Gly155del
Chromosome	336698	C	G	synonymous_variant	LOW	PE_PGRS4	p.Gly792Gly
Chromosome	336701	A	G	synonymous_variant	LOW	PE_PGRS4	p.Gly791Gly
Chromosome	336707	G	A	synonymous_variant	LOW	PE_PGRS4	p.Asp789Asp
Chromosome	336708	T	C	missense_variant	MODERATE	PE_PGRS4	p.Asp789Gly
Chromosome	336710	A	G	synonymous_variant	LOW	PE_PGRS4	p.Ala788Ala
Chromosome	337482	C	T	missense_variant	MODERATE	PE_PGRS4	p.Gly531Asp
Chromosome	337820	G	A	synonymous_variant	LOW	PE_PGRS4	p.Gly418Gly
Chromosome	338020	A	C	missense_variant	MODERATE	PE_PGRS4	p.Cys352Gly
Chromosome	338100	T	C	missense_variant	MODERATE	PE_PGRS4	p.Asn325Ser
Chromosome	338453	A	G	synonymous_variant	LOW	PE_PGRS4	p.Ala207Ala
Chromosome	345696	CCATCATCATC	CCATCATCATCATC	conservative_inframe_insertion	MODERATE	eccC3	p.Ile24dup
Chromosome	346275	C	G	missense_variant	MODERATE	eccC3	p.Pro214Arg
Chromosome	356528	A	G	missense_variant	MODERATE	eccE3	p.Asn217Asp
Chromosome	362836	GGCCGGCGGGGCCGGTGGTGCCGGAGGCGTCGGCGGCGCCGGCGGGGC	GGCCGGCGGGGC	disruptive_inframe_deletion	MODERATE	PE_PGRS5	p.Gly506_Ala517del
Chromosome	362872	C	G	synonymous_variant	LOW	PE_PGRS5	p.Gly513Gly
Chromosome	363279	G	A	missense_variant	MODERATE	Rv0298	p.Val10Met
Chromosome	373282	TAA	TA	frameshift_variant	HIGH	PPE6	p.Leu810fs
Chromosome	384380	A	C	missense_variant	MODERATE	Rv0315	p.Lys260Thr
Chromosome	386432	C	G	missense_variant	MODERATE	Rv0318c	p.Gly223Ala
Chromosome	390828	T	C	missense_variant	MODERATE	Rv0323c	p.Ser142Gly
Chromosome	394001	T	C	synonymous_variant	LOW	cyp135A1	p.Leu15Leu
Chromosome	403980	G	A	missense_variant	MODERATE	Rv0338c	p.Ala621Val
Chromosome	404326	T	C	missense_variant	MODERATE	Rv0338c	p.Arg506Gly
Chromosome	409569	G	A	missense_variant	MODERATE	iniB	p.Ala70Thr
Chromosome	414486	C	T	synonymous_variant	LOW	lpqJ	p.Glu152Glu
Chromosome	420008	A	G	synonymous_variant	LOW	dnaK	p.Ala58Ala
Chromosome	424320	TCC	TCCC	frameshift_variant	HIGH	PPE7	p.Ile126fs
Chromosome	426401	T	A	missense_variant	MODERATE	PPE8	p.Tyr2760Phe
Chromosome	426404	C	G	missense_variant	MODERATE	PPE8	p.Ser2759Thr
Chromosome	426406	A	G	synonymous_variant	LOW	PPE8	p.Gly2758Gly
Chromosome	426410	G	A	missense_variant	MODERATE	PPE8	p.Thr2757Ile
Chromosome	426416	T	A	missense_variant	MODERATE	PPE8	p.Tyr2755Phe
Chromosome	426418	G	C	synonymous_variant	LOW	PPE8	p.Ser2754Ser
Chromosome	426419	G	A	missense_variant	MODERATE	PPE8	p.Ser2754Phe
Chromosome	426420	A	G	missense_variant	MODERATE	PPE8	p.Ser2754Pro
Chromosome	426432	A	G	missense_variant	MODERATE	PPE8	p.Tyr2750His
Chromosome	426435	G	T	missense_variant	MODERATE	PPE8	p.His2749Asn
Chromosome	427310	TTGCCGAGGTTTGCACTGCCGAGGTTTGCACTGCCGAGGTTTGCACTGCCGAGGTTTGCACTGCC	TTGCCGAGGTTTGCACTGCCGAGGTTTGCACTGCCGAGGTTTGCACTGCC	conservative_inframe_deletion	MODERATE	PPE8	p.Gly2436_Leu2440del
Chromosome	433522	C	T	synonymous_variant	LOW	PPE8	p.Thr386Thr
Chromosome	443193	C	T	synonymous_variant	LOW	Rv0365c	p.Gln335Gln
Chromosome	443715	G	C	synonymous_variant	LOW	Rv0365c	p.Ala161Ala
Chromosome	454295	T	C	synonymous_variant	LOW	Rv0376c	p.Pro26Pro
Chromosome	457073	C	T	missense_variant	MODERATE	Rv0381c	p.Ala251Thr
Chromosome	459399	A	C	upstream_gene_variant	MODIFIER	Rv0380c	
Chromosome	467497	CGGG	CGGGG	frameshift_variant	HIGH	PPE9	p.Ala169fs
Chromosome	467508	CG	CGG	frameshift_variant	HIGH	PPE9	p.Arg165fs
Chromosome	467516	G	C	synonymous_variant	LOW	PPE9	p.Ser162Ser
Chromosome	467526	C	G	missense_variant	MODERATE	PPE9	p.Gly159Ala
Chromosome	467546	G	C	missense_variant	MODERATE	PPE9	p.Asp152Glu
Chromosome	467557	A	C	missense_variant	MODERATE	PPE9	p.Leu149Val
Chromosome	467564	A	C	missense_variant	MODERATE	PPE9	p.His146Gln
Chromosome	467585	G	C	missense_variant	MODERATE	PPE9	p.His139Gln
Chromosome	467590	T	C	missense_variant	MODERATE	PPE9	p.Thr138Ala
Chromosome	467621	T	G	synonymous_variant	LOW	PPE9	p.Gly127Gly
Chromosome	467638	G	T	missense_variant	MODERATE	PPE9	p.Gln122Lys
Chromosome	469466	G	T	stop_gained	HIGH	purT	p.Glu378*
Chromosome	475178	T	C	missense_variant	MODERATE	Rv0395	p.Val80Ala
Chromosome	502589	C	G	missense_variant	MODERATE	thiG	p.Ser75Cys
Chromosome	503354	G	C	upstream_gene_variant	MODIFIER	Rv0412c	
Chromosome	507481	G	A	missense_variant	MODERATE	Rv0421c	p.Ala94Val
Chromosome	513257	T	C	missense_variant	MODERATE	ctpH	p.Met689Val
Chromosome	541201	A	G	synonymous_variant	LOW	mmpL4	p.Leu97Leu
Chromosome	547529	C	T	upstream_gene_variant	MODIFIER	Rv0455c	
Chromosome	551525	A	C	synonymous_variant	LOW	Rv0459	p.Arg110Arg
Chromosome	573262	A	G	synonymous_variant	LOW	Rv0484c	p.Gly180Gly
Chromosome	574445	T	A	synonymous_variant	LOW	Rv0485	p.Ala154Ala
Chromosome	575837	C	T	synonymous_variant	LOW	mshA	p.Leu164Leu
Chromosome	580727	C	G	upstream_gene_variant	MODIFIER	regX3	
Chromosome	580772	T	A	upstream_gene_variant	MODIFIER	regX3	
Chromosome	580773	GGGGGCACCACCCGCTTGCGGGGGAG	GG	upstream_gene_variant	MODIFIER	regX3	
Chromosome	590436	T	C	synonymous_variant	LOW	proC	p.Ala118Ala
Chromosome	597816	A	G	synonymous_variant	LOW	mmpL2	p.Ala206Ala
Chromosome	598475	G	A	missense_variant	MODERATE	mmpL2	p.Arg426His
Chromosome	599898	C	T	synonymous_variant	LOW	mmpL2	p.Gly900Gly
Chromosome	603403	C	A	synonymous_variant	LOW	hemD	p.Pro195Pro
Chromosome	605610	C	T	missense_variant	MODERATE	Rv0513	p.Pro3Ser
Chromosome	610120	T	G	upstream_gene_variant	MODIFIER	Rv0516c	
Chromosome	613989	T	C	missense_variant	MODERATE	gabP	p.Ser318Pro
Chromosome	623472	A	G	missense_variant	MODERATE	PE_PGRS6	p.Asp227Gly
Chromosome	623508	C	G	missense_variant	MODERATE	PE_PGRS6	p.Ala239Gly
Chromosome	625444	C	T	missense_variant	MODERATE	fabH	p.Val13Ile
Chromosome	637319	G	A	missense_variant	MODERATE	pitA	p.Pro49Ser
Chromosome	639592	G	T	missense_variant	MODERATE	menB	p.Thr122Asn
Chromosome	648002	T	G	missense_variant	MODERATE	Rv0556	p.Leu15Arg
Chromosome	655964	T	C	upstream_gene_variant	MODIFIER	Rv0560c	
Chromosome	669398	T	C	synonymous_variant	LOW	Rv0575c	p.Gln116Gln
Chromosome	672491	C	G	synonymous_variant	LOW	PE_PGRS7	p.Gly1142Gly
Chromosome	673238	A	G	synonymous_variant	LOW	PE_PGRS7	p.His893His
Chromosome	680007	G	T	missense_variant	MODERATE	Rv0584	p.Gly260Val
Chromosome	683154	C	G	synonymous_variant	LOW	Rv0585c	p.Gly373Gly
Chromosome	685461	C	G	synonymous_variant	LOW	yrbE2A	p.Ala111Ala
Chromosome	685608	T	C	synonymous_variant	LOW	yrbE2A	p.Leu160Leu
Chromosome	685990	CG	C	frameshift_variant	HIGH	yrbE2B	p.Ala22fs
Chromosome	686972	T	C	missense_variant	MODERATE	mce2A	p.Phe51Ser
Chromosome	690465	T	G	synonymous_variant	LOW	mce2C	p.Leu469Leu
Chromosome	698968	G	A	synonymous_variant	LOW	Rv0601c	p.Gly9Gly
Chromosome	700286	C	T	synonymous_variant	LOW	lpqO	p.Ala16Ala
Chromosome	735901	C	T	missense_variant	MODERATE	rplA	p.Arg129Trp
Chromosome	738816	G	A	synonymous_variant	LOW	mmaA2	p.Asp115Asp
Chromosome	754186	A	G	missense_variant	MODERATE	Rv0658c	p.Leu75Pro
Chromosome	761155	C	T	missense_variant	MODERATE	rpoB	p.Ser450Leu
Chromosome	761889	G	C	missense_variant	MODERATE	rpoB	p.Val695Leu
Chromosome	775639	T	C	missense_variant	MODERATE	mmpL5	p.Ile948Val
Chromosome	777875	AC	A	frameshift_variant	HIGH	mmpL5	p.Arg202fs
Chromosome	779181	CGGGGGG	CGGGGGGG	frameshift_variant	HIGH	Rv0678	p.Ile67fs
Chromosome	781395	T	C	upstream_gene_variant	MODIFIER	mmpL5	
Chromosome	787680	C	T	synonymous_variant	LOW	Rv0687	p.Phe194Phe
Chromosome	797395	A	G	missense_variant	MODERATE	Rv0697	p.Thr155Ala
Chromosome	801009	A	G	synonymous_variant	LOW	rplC	p.Thr67Thr
Chromosome	812339	T	C	missense_variant	MODERATE	rplE	p.Val94Ala
Chromosome	831344	C	T	synonymous_variant	LOW	Rv0739	p.Leu164Leu
Chromosome	836272	A	G	missense_variant	MODERATE	PE_PGRS9	p.Glu191Gly
Chromosome	836291	A	G	synonymous_variant	LOW	PE_PGRS9	p.Gly197Gly
Chromosome	836426	A	C	synonymous_variant	LOW	PE_PGRS9	p.Leu242Leu
Chromosome	836454	A	G	missense_variant	MODERATE	PE_PGRS9	p.Thr252Ala
Chromosome	836538	A	G	missense_variant	MODERATE	PE_PGRS9	p.Asn280Asp
Chromosome	836658	A	G	missense_variant	MODERATE	PE_PGRS9	p.Thr320Ala
Chromosome	837033	A	G	missense_variant	MODERATE	PE_PGRS9	p.Thr445Ala
Chromosome	838990	C	G	synonymous_variant	LOW	PE_PGRS10	p.Ala180Ala
Chromosome	839123	A	G	missense_variant	MODERATE	PE_PGRS10	p.Arg225Gly
Chromosome	839129	C	G	missense_variant	MODERATE	PE_PGRS10	p.Arg227Gly
Chromosome	839194	A	G	synonymous_variant	LOW	PE_PGRS10	p.Thr248Thr
Chromosome	839334	A	G	missense_variant	MODERATE	PE_PGRS10	p.Lys295Arg
Chromosome	839348	A	G	missense_variant	MODERATE	PE_PGRS10	p.Ser300Gly
Chromosome	840496	C	G	synonymous_variant	LOW	PE_PGRS10	p.Gly682Gly
Chromosome	841764	G	C	synonymous_variant	LOW	Rv0749A	p.Thr37Thr
Chromosome	852910	C	T	missense_variant	MODERATE	phoR	p.Pro172Leu
Chromosome	854252	GCCCCCCCCC	GCCCCCCCC	upstream_gene_variant	MODIFIER	PPE12	
Chromosome	857696	A	G	synonymous_variant	LOW	cyp51	p.Ala114Ala
Chromosome	874835	CC	CCGC	frameshift_variant	HIGH	ptrBa	p.His202fs
Chromosome	880562	G	T	missense_variant	MODERATE	Rv0785	p.Cys408Phe
Chromosome	882257	T	C	missense_variant	MODERATE	Rv0787	p.Tyr267His
Chromosome	891011	A	G	synonymous_variant	LOW	Rv0797	p.Leu208Leu
Chromosome	893670	A	C	missense_variant	MODERATE	pepC	p.Asp118Ala
Chromosome	893733	T	G	missense_variant	MODERATE	pepC	p.Leu139Arg
Chromosome	900221	T	C	synonymous_variant	LOW	cpsY	p.Val370Val
Chromosome	903550	T	C	synonymous_variant	LOW	purF	p.Ala480Ala
Chromosome	903913	T	C	synonymous_variant	LOW	purM	p.Gly63Gly
Chromosome	906857	A	G	missense_variant	MODERATE	Rv0812	p.Ile145Met
Chromosome	919562	T	TG	upstream_gene_variant	MODIFIER	Rv0822c	
Chromosome	919563	A	T	upstream_gene_variant	MODIFIER	Rv0822c	
Chromosome	919564	A	C	upstream_gene_variant	MODIFIER	Rv0822c	
Chromosome	921813	C	G	missense_variant	MODERATE	Rv0829	p.Ala80Gly
Chromosome	927110	A	G	missense_variant	MODERATE	PE_PGRS13	p.Ser584Gly
Chromosome	927385	A	G	synonymous_variant	LOW	PE_PGRS13	p.Gly675Gly
Chromosome	929466	ACCGCCGGCACCGCCGGCGCCGCCGGCACCGCCG	ACCGCCGGCACCGCCG	conservative_inframe_deletion	MODERATE	PE_PGRS14	p.Gly330_Ala335del
Chromosome	945214	G	A	missense_variant	MODERATE	cysK2	p.Gly93Ser
Chromosome	946641	GAAAAAA	GAAAAA	frameshift_variant	HIGH	Rv0849	p.Thr198fs
Chromosome	949535	T	C	synonymous_variant	LOW	pdc	p.Ala528Ala
Chromosome	949639	T	G	missense_variant	MODERATE	pdc	p.Ser494Arg
Chromosome	955524	A	G	missense_variant	MODERATE	fadA	p.Ser150Gly
Chromosome	968426	AGCCGGGTTGGCCGG	AGCCGGGTTGGCCGGGTTGGCCGG	conservative_inframe_insertion	MODERATE	PE_PGRS15	p.Ala602_Gly603insGlyGlnPro
Chromosome	976897	TGGGGGGGGG	TGGGGGGGG	frameshift_variant	HIGH	PPE13	p.Gln436fs
Chromosome	978625	G	A	synonymous_variant	LOW	Rv0879c	p.Gly44Gly
Chromosome	979704	G	C	missense_variant	MODERATE	Rv0881	p.Gly115Arg
Chromosome	986463	G	C	upstream_gene_variant	MODIFIER	serC	
Chromosome	990001	G	C	missense_variant	MODERATE	Rv0890c	p.Pro866Ala
Chromosome	993346	A	C	missense_variant	MODERATE	Rv0891c	p.Val37Gly
Chromosome	993522	A	C	upstream_gene_variant	MODIFIER	citA	
Chromosome	1010204	CGG	CGGG	frameshift_variant	HIGH	Rv0907	p.Cys25fs
Chromosome	1025106	T	C	synonymous_variant	LOW	Rv0919	p.Phe141Phe
Chromosome	1027518	G	C	missense_variant	MODERATE	Rv0921	p.Gly139Arg
Chromosome	1037012	T	C	missense_variant	MODERATE	pstA1	p.Met5Thr
Chromosome	1037911	C	T	stop_gained	HIGH	pstA1	p.Arg305*
Chromosome	1047165	T	C	missense_variant	MODERATE	ligD	p.Cys344Arg
Chromosome	1050816	T	G	missense_variant	MODERATE	Rv0940c	p.Lys215Thr
Chromosome	1068151	T	C	synonymous_variant	LOW	purN	p.His197His
Chromosome	1068432	A	G	synonymous_variant	LOW	purH	p.Pro76Pro
Chromosome	1069284	G	T	synonymous_variant	LOW	purH	p.Val360Val
Chromosome	1070702	T	C	missense_variant	MODERATE	Rv0958	p.Ser274Pro
Chromosome	1074276	G	C	missense_variant	MODERATE	Rv0961	p.Trp68Ser
Chromosome	1074558	G	A	missense_variant	MODERATE	lprP	p.Pro186Leu
Chromosome	1075279	T	C	upstream_gene_variant	MODIFIER	lprP	
Chromosome	1076309	G	T	missense_variant	MODERATE	Rv0964c	p.Pro124Thr
Chromosome	1077312	A	G	missense_variant	MODERATE	Rv0966c	p.Val175Ala
Chromosome	1079927	C	A	synonymous_variant	LOW	ctpV	p.Thr395Thr
Chromosome	1081681	T	C	synonymous_variant	LOW	Rv0970	p.Val210Val
Chromosome	1083654	C	T	missense_variant	MODERATE	fadE12	p.Asp33Asn
Chromosome	1087193	G	C	missense_variant	MODERATE	accD2	p.Asn51Lys
Chromosome	1088245	C	A	synonymous_variant	LOW	fadE13	p.Gly84Gly
Chromosome	1093406	A	G	synonymous_variant	LOW	PE_PGRS17	p.Val317Val
Chromosome	1093928	G	A	synonymous_variant	LOW	PE_PGRS17	p.Asn143Asn
Chromosome	1096633	T	G	upstream_gene_variant	MODIFIER	PE_PGRS17	
Chromosome	1100234	T	C	missense_variant	MODERATE	pepD	p.Leu390Pro
Chromosome	1102901	G	A	synonymous_variant	LOW	Rv0987	p.Ala120Ala
Chromosome	1106422	T	C	missense_variant	MODERATE	grcC2	p.Ile321Val
Chromosome	1109975	A	G	missense_variant	MODERATE	galU	p.Gln235Arg
Chromosome	1116007	A	G	missense_variant	MODERATE	Rv0999	p.Thr81Ala
Chromosome	1126889	G	C	missense_variant	MODERATE	metS	p.Arg39Gly
Chromosome	1127648	C	A	missense_variant	MODERATE	tatD	p.Thr187Asn
Chromosome	1146605	G	A	synonymous_variant	LOW	Rv1025	p.Ala15Ala
Chromosome	1149551	C	T	synonymous_variant	LOW	kdpD	p.Glu712Glu
Chromosome	1150585	G	A	missense_variant	MODERATE	kdpD	p.Pro368Ser
Chromosome	1161327	G	A	synonymous_variant	LOW	PPE15	p.Pro382Pro
Chromosome	1163134	T	C	synonymous_variant	LOW	PE8	p.Gly81Gly
Chromosome	1164571	A	G	upstream_gene_variant	MODIFIER	Rv1035c	
Chromosome	1164809	T	G	missense_variant	MODERATE	Rv1041c	p.Gln209His
Chromosome	1165521	TA	TAA	upstream_gene_variant	MODIFIER	esxI	
Chromosome	1168188	C	T	synonymous_variant	LOW	Rv1045	p.Pro172Pro
Chromosome	1168715	CTT	CTTT	frameshift_variant	HIGH	Rv1046c	p.Ala172fs
Chromosome	1170821	G	A	upstream_gene_variant	MODIFIER	Rv1043c	
Chromosome	1178116	T	C	synonymous_variant	LOW	Rv1056	p.Thr163Thr
Chromosome	1179375	A	G	upstream_gene_variant	MODIFIER	Rv1051c	
Chromosome	1183662	C	T	missense_variant	MODERATE	Rv1060	p.Ala52Val
Chromosome	1193353	C	T	synonymous_variant	LOW	Rv1069c	p.Ala307Ala
Chromosome	1200418	A	G	upstream_gene_variant	MODIFIER	echA9	
Chromosome	1211542	A	C	upstream_gene_variant	MODIFIER	Rv1085c	
Chromosome	1212829	G	A	missense_variant	MODERATE	PE_PGRS21	p.Gly424Ser
Chromosome	1213655	A	T	missense_variant	MODERATE	PE_PGRS21	p.Asn699Ile
Chromosome	1220680	T	C	missense_variant	MODERATE	glyA1	p.Val36Ala
Chromosome	1224367	T	C	upstream_gene_variant	MODIFIER	coaA	
Chromosome	1248978	T	C	synonymous_variant	LOW	Rv1125	p.Ala299Ala
Chromosome	1277871	A	G	upstream_gene_variant	MODIFIER	Rv1148c	
Chromosome	1278583	A	C	upstream_gene_variant	MODIFIER	Rv1148c	
Chromosome	1281118	T	C	missense_variant	MODERATE	Rv1154c	p.Thr123Ala
Chromosome	1285148	G	A	missense_variant	MODERATE	pimE	p.Gly53Ser
Chromosome	1290337	G	A	missense_variant	MODERATE	narG	p.Val1004Met
Chromosome	1292102	A	G	synonymous_variant	LOW	narH	p.Pro346Pro
Chromosome	1299095	TTGCTGC	TTGC	conservative_inframe_deletion	MODERATE	PPE17	p.Ser236del
Chromosome	1299100	G	T	synonymous_variant	LOW	PPE17	p.Gly235Gly
Chromosome	1301959	G	A	synonymous_variant	LOW	PE12	p.Leu241Leu
Chromosome	1310827	G	T	synonymous_variant	LOW	Rv1179c	p.Arg825Arg
Chromosome	1313337	A	AG	upstream_gene_variant	MODIFIER	Rv1176c	
Chromosome	1313338	A	C	upstream_gene_variant	MODIFIER	Rv1176c	
Chromosome	1315191	A	C	stop_lost&splice_region_variant	HIGH	pks3	p.Ter489Tyrext*?
Chromosome	1315884	G	A	synonymous_variant	LOW	pks4	p.Ala217Ala
Chromosome	1322171	C	G	missense_variant	MODERATE	mmpL10	p.Leu218Val
Chromosome	1327550	C	T	upstream_gene_variant	MODIFIER	Rv1184c	
Chromosome	1327890	G	A	synonymous_variant	LOW	Rv1186c	p.Asp472Asp
Chromosome	1328687	G	C	missense_variant	MODERATE	Rv1186c	p.Pro207Ala
Chromosome	1332162	G	C	missense_variant	MODERATE	sigI	p.Arg24Pro
Chromosome	1332919	GCC	GCCC	frameshift_variant	HIGH	sigI	p.Ser278fs
Chromosome	1335415	G	A	synonymous_variant	LOW	Rv1192	p.Arg163Arg
Chromosome	1340667	A	G	synonymous_variant	LOW	esxK	p.Ser3Ser
Chromosome	1340784	T	C	synonymous_variant	LOW	esxK	p.Gly42Gly
Chromosome	1341023	A	G	synonymous_variant	LOW	esxL	p.Gln6Gln
Chromosome	1341029	G	T	synonymous_variant	LOW	esxL	p.Gly8Gly
Chromosome	1341044	C	T	synonymous_variant	LOW	esxL	p.His13His
Chromosome	1341120	A	G	missense_variant	MODERATE	esxL	p.Ser39Gly
Chromosome	1347448	C	A	missense_variant	MODERATE	Rv1204c	p.Gly393Cys
Chromosome	1348667	G	C	upstream_gene_variant	MODIFIER	dapD	
Chromosome	1365837	CGGGG	CGGGGG	upstream_gene_variant	MODIFIER	Rv1217c	
Chromosome	1374065	T	C	missense_variant	MODERATE	Rv1230c	p.Ser45Gly
Chromosome	1374352	C	T	synonymous_variant	LOW	Rv1231c	p.Glu171Glu
Chromosome	1375724	A	C	missense_variant	MODERATE	Rv1232c	p.Cys149Gly
Chromosome	1382628	T	C	missense_variant	MODERATE	corA	p.Lys139Glu
Chromosome	1393626	A	G	synonymous_variant	LOW	Rv1249c	p.Leu119Leu
Chromosome	1396583	G	A	synonymous_variant	LOW	Rv1251c	p.Ala886Ala
Chromosome	1396922	T	C	synonymous_variant	LOW	Rv1251c	p.Thr773Thr
Chromosome	1411210	T	G	synonymous_variant	LOW	amiB2	p.Val260Val
Chromosome	1414021	C	T	missense_variant	MODERATE	pknH	p.Arg607Gln
Chromosome	1440469	C	G	synonymous_variant	LOW	cysN	p.Pro521Pro
Chromosome	1445781	A	G	synonymous_variant	LOW	Rv1291c	p.Ala18Ala
Chromosome	1457144	C	T	missense_variant	MODERATE	hemK	p.Arg194Cys
Chromosome	1463388	A	G	missense_variant	MODERATE	atpA	p.Glu54Gly
Chromosome	1468208	A	C	missense_variant	MODERATE	Rv1313c	p.Leu433Arg
Chromosome	1471659	C	T	upstream_gene_variant	MODIFIER	Rv1313c	
Chromosome	1480972	T	C	synonymous_variant	LOW	Rv1319c	p.Glu510Glu
Chromosome	1481185	A	C	missense_variant	MODERATE	Rv1319c	p.Asp439Glu
Chromosome	1481256	T	G	missense_variant	MODERATE	Rv1319c	p.Ile416Leu
Chromosome	1482627	T	C	missense_variant	MODERATE	Rv1320c	p.Thr531Ala
Chromosome	1483363	C	T	synonymous_variant	LOW	Rv1320c	p.Val285Val
Chromosome	1483991	G	A	missense_variant	MODERATE	Rv1320c	p.Ala76Val
Chromosome	1484393	A	G	missense_variant	MODERATE	Rv1321	p.Ser39Gly
Chromosome	1484708	A	C	missense_variant	MODERATE	Rv1321	p.Ser144Arg
Chromosome	1487869	G	A	missense_variant	MODERATE	Rv1324	p.Asp237Asn
Chromosome	1499274	C	G	missense_variant	MODERATE	pncB1	p.Gly429Ala
Chromosome	1502765	G	C	missense_variant	MODERATE	mec	p.Gly42Ala
Chromosome	1504028	A	G	missense_variant	MODERATE	cysM	p.Tyr212Cys
Chromosome	1522049	G	A	missense_variant	MODERATE	moeY	p.His662Tyr
Chromosome	1524907	G	C	upstream_gene_variant	MODIFIER	Rv1353c	
Chromosome	1532656	G	T	synonymous_variant	LOW	PPE19	p.Ala326Ala
Chromosome	1532659	C	T	synonymous_variant	LOW	PPE19	p.Gln325Gln
Chromosome	1532660	T	G	missense_variant	MODERATE	PPE19	p.Gln325Pro
Chromosome	1536251	G	T	missense_variant	MODERATE	Rv1364c	p.Ala465Glu
Chromosome	1546857	C	T	synonymous_variant	LOW	Rv1373	p.Gly282Gly
Chromosome	1547125	T	C	missense_variant	MODERATE	Rv1374c	p.Thr136Ala
Chromosome	1552547	G	A	missense_variant	MODERATE	Rv1378c	p.Arg37Trp
Chromosome	1561387	A	C	upstream_gene_variant	MODIFIER	PE15	
Chromosome	1562742	G	A	missense_variant	MODERATE	PPE20	p.Gly325Asp
Chromosome	1570566	C	A	missense_variant	MODERATE	cyp132	p.Arg135Leu
Chromosome	1587718	G	A	synonymous_variant	LOW	Rv1410c	p.Leu17Leu
Chromosome	1588899	G	T	synonymous_variant	LOW	ribC	p.Ala111Ala
Chromosome	1605281	G	T	missense_variant	MODERATE	Rv1429	p.Arg135Leu
Chromosome	1605987	C	T	synonymous_variant	LOW	Rv1429	p.Asp370Asp
Chromosome	1612624	TATCGGTACCGGTGCGCCAGGGATTGGTACCGGTGCGCC	TATCGGTACCGGTGCGCCAGGGATCGGTACCGGTGCGCCAGGGATTGGTACCGGTGCGCC	conservative_inframe_insertion	MODERATE	Rv1435c	p.Pro101_Ile102insIleProGlyAlaProValPro
Chromosome	1613035	T	C	upstream_gene_variant	MODIFIER	Rv1435c	
Chromosome	1618466	AGCCGCCGGTGCCGCCGGTGCCGCC	AGCCGCCGGTGCCGCC	conservative_inframe_deletion	MODERATE	PE_PGRS26	p.Gly399_Thr401del
Chromosome	1630148	A	C	missense_variant	MODERATE	tkt	p.Tyr18Asp
Chromosome	1630596	G	C	upstream_gene_variant	MODIFIER	zwf2	
Chromosome	1630982	CGCCGCCGGTGCCGCCGGTG	CGCCGCCGGTG	conservative_inframe_deletion	MODERATE	PE_PGRS27	p.Thr1210_Gly1212del
Chromosome	1634633	A	T	upstream_gene_variant	MODIFIER	tkt	
Chromosome	1634636	T	A	upstream_gene_variant	MODIFIER	tkt	
Chromosome	1636826	C	A	synonymous_variant	LOW	PE_PGRS28	p.Gly468Gly
Chromosome	1636918	C	T	missense_variant	MODERATE	PE_PGRS28	p.Ala438Thr
Chromosome	1636927	C	T	missense_variant	MODERATE	PE_PGRS28	p.Asp435Asn
Chromosome	1636928	A	G	synonymous_variant	LOW	PE_PGRS28	p.Gly434Gly
Chromosome	1636934	A	G	synonymous_variant	LOW	PE_PGRS28	p.His432His
Chromosome	1636936	G	T	missense_variant	MODERATE	PE_PGRS28	p.His432Asn
Chromosome	1636945	C	G	missense_variant	MODERATE	PE_PGRS28	p.Ala429Pro
Chromosome	1636946	C	A	synonymous_variant	LOW	PE_PGRS28	p.Gly428Gly
Chromosome	1636980	G	T	missense_variant	MODERATE	PE_PGRS28	p.Pro417His
Chromosome	1636981	G	T	missense_variant	MODERATE	PE_PGRS28	p.Pro417Thr
Chromosome	1638020	T	C	synonymous_variant	LOW	PE_PGRS28	p.Ala70Ala
Chromosome	1638125	T	C	synonymous_variant	LOW	PE_PGRS28	p.Ser35Ser
Chromosome	1639594	C	A	missense_variant	MODERATE	Rv1453	p.Pro405Gln
Chromosome	1650072	A	G	missense_variant	MODERATE	Rv1462	p.Asn183Asp
Chromosome	1689349	C	T	missense_variant	MODERATE	Rv1498c	p.Arg191His
Chromosome	1692009	T	C	synonymous_variant	LOW	Rv1501	p.Arg40Arg
Chromosome	1692141	A	C	synonymous_variant	LOW	Rv1501	p.Ile84Ile
Chromosome	1692186	C	T	synonymous_variant	LOW	Rv1501	p.Ala99Ala
Chromosome	1693561	A	G	missense_variant	MODERATE	Rv1502	p.Tyr213Cys
Chromosome	1694926	C	A	missense_variant	MODERATE	Rv1504c	p.Glu73Asp
Chromosome	1698911	G	A	synonymous_variant	LOW	Rv1508c	p.Gly328Gly
Chromosome	1700088	C	T	missense_variant	MODERATE	Rv1508A	p.Pro75Ser
Chromosome	1706119	T	C	synonymous_variant	LOW	Rv1514c	p.Ser159Ser
Chromosome	1722383	A	C	synonymous_variant	LOW	pks5	p.Arg2009Arg
Chromosome	1728837	A	G	upstream_gene_variant	MODIFIER	pks5	
Chromosome	1743944	T	G	missense_variant	MODERATE	lprI	p.Asp143Ala
Chromosome	1746197	C	G	missense_variant	MODERATE	Rv1544	p.Pro35Arg
Chromosome	1749546	C	G	missense_variant	MODERATE	dnaE1	p.Pro618Arg
Chromosome	1750576	T	C	synonymous_variant	LOW	dnaE1	p.Asp961Asp
Chromosome	1752561	T	C	missense_variant	MODERATE	PPE21	p.Asp258Gly
Chromosome	1753519	GCCCC	GCCCCC	frameshift_variant	HIGH	fadD11.1	p.Cys6fs
Chromosome	1759252	G	T	synonymous_variant	LOW	frdA	p.Ser524Ser
Chromosome	1760164	TGGGGGGG	TGGGGGGGG	frameshift_variant	HIGH	frdB	p.Gly247fs
Chromosome	1760292	A	G	missense_variant	MODERATE	frdC	p.Met40Val
Chromosome	1772016	G	C	missense_variant	MODERATE	Rv1565c	p.Thr605Ser
Chromosome	1778430	T	C	missense_variant	MODERATE	bioD	p.Met191Thr
Chromosome	1779370	G	C	synonymous_variant	LOW	Rv1573	p.Thr19Thr
Chromosome	1780586	CG	CGG	frameshift_variant	HIGH	Rv1575	p.Val131fs
Chromosome	1785945	G	A	synonymous_variant	LOW	Rv1583c	p.Arg122Arg
Chromosome	1789650	C	T	missense_variant	MODERATE	Rv1588c	p.Ala63Thr
Chromosome	1789654	A	G	synonymous_variant	LOW	Rv1588c	p.Leu61Leu
Chromosome	1789671	C	T	missense_variant	MODERATE	Rv1588c	p.Ala56Thr
Chromosome	1789675	A	C	synonymous_variant	LOW	Rv1588c	p.Gly54Gly
Chromosome	1789678	C	G	synonymous_variant	LOW	Rv1588c	p.Val53Val
Chromosome	1789766	T	G	missense_variant	MODERATE	Rv1588c	p.Asp24Ala
Chromosome	1794324	T	G	synonymous_variant	LOW	Rv1593c	p.Pro128Pro
Chromosome	1800963	C	T	missense_variant	MODERATE	hisC1	p.Ala23Val
Chromosome	1803265	G	A	missense_variant	MODERATE	hisH	p.Ser201Asn
Chromosome	1804409	C	A	missense_variant	MODERATE	impA	p.Pro124Gln
Chromosome	1806283	G	A	missense_variant	MODERATE	chaA	p.Ala35Thr
Chromosome	1807823	C	T	upstream_gene_variant	MODIFIER	bcpB	
Chromosome	1814688	TGGCCACCGGC	TGGC	upstream_gene_variant	MODIFIER	Rv1615	
Chromosome	1817684	A	G	missense_variant	MODERATE	tesB1	p.Ser24Gly
Chromosome	1817976	A	T	missense_variant	MODERATE	tesB1	p.His121Leu
Chromosome	1823237	C	T	missense_variant	MODERATE	cydD	p.Gly13Ser
Chromosome	1825603	C	G	synonymous_variant	LOW	cydA	p.Leu95Leu
Chromosome	1836286	G	C	upstream_gene_variant	MODIFIER	uvrB	
Chromosome	1847919	C	G	synonymous_variant	LOW	Rv1639c	p.Thr180Thr
Chromosome	1854300	T	C	missense_variant	MODERATE	tsnR	p.Leu232Pro
Chromosome	1856777	G	C	missense_variant	MODERATE	Rv1647	p.Ala2Pro
Chromosome	1863451	A	G	synonymous_variant	LOW	PE_PGRS30	p.Gly644Gly
Chromosome	1885772	G	A	missense_variant	MODERATE	pks8	p.Ala1357Thr
Chromosome	1891891	C	T	synonymous_variant	LOW	pks11	p.Pro222Pro
Chromosome	1894300	GG	GGTCTTGCCGCG	frameshift_variant	HIGH	Rv1668c	p.Pro348fs
Chromosome	1895249	G	T	missense_variant	MODERATE	Rv1668c	p.Arg32Ser
Chromosome	1899139	C	T	missense_variant	MODERATE	Rv1673c	p.Gly32Ser
Chromosome	1901493	T	C	synonymous_variant	LOW	Rv1676	p.Ser149Ser
Chromosome	1907296	G	C	synonymous_variant	LOW	Rv1682	p.Ala298Ala
Chromosome	1910947	G	A	synonymous_variant	LOW	Rv1685c	p.Gly151Gly
Chromosome	1917972	A	G	synonymous_variant	LOW	tlyA	p.Leu11Leu
Chromosome	1931179	C	A	missense_variant	MODERATE	cycA	p.Arg93Leu
Chromosome	1933988	G	A	upstream_gene_variant	MODIFIER	Rv1703c	
Chromosome	1944402	T	C	missense_variant	MODERATE	Rv1716	p.Val276Ala
Chromosome	1950767	T	C	synonymous_variant	LOW	Rv1724c	p.Lys95Lys
Chromosome	1958086	G	A	missense_variant	MODERATE	gabD2	p.Gly137Glu
Chromosome	1959824	C	T	upstream_gene_variant	MODIFIER	Rv1729c	
Chromosome	1960284	C	A	missense_variant	MODERATE	Rv1733c	p.Gln68His
Chromosome	1967237	C	A	missense_variant	MODERATE	Rv1739c	p.Arg134Leu
Chromosome	1977479	T	C	missense_variant	MODERATE	Rv1749c	p.His136Arg
Chromosome	1978018	G	A	missense_variant	MODERATE	fadD1	p.Pro517Leu
Chromosome	1981099	C	T	upstream_gene_variant	MODIFIER	Rv1749c	
Chromosome	1981266	G	A	missense_variant	MODERATE	Rv1752	p.Gly46Glu
Chromosome	2003566	G	A	missense_variant	MODERATE	Rv1769	p.Gly314Asp
Chromosome	2006875	C	T	synonymous_variant	LOW	Rv1772	p.Cys80Cys
Chromosome	2022868	T	C	synonymous_variant	LOW	eccC5	p.Ser1204Ser
Chromosome	2024881	C	T	synonymous_variant	LOW	Rv1786	p.Ala18Ala
Chromosome	2025871	G	A	missense_variant	MODERATE	PPE25	p.Gly191Arg
Chromosome	2038699	C	G	upstream_gene_variant	MODIFIER	lppT	
Chromosome	2044496	C	A	synonymous_variant	LOW	PPE30	p.Ala371Ala
Chromosome	2049065	T	C	missense_variant	MODERATE	PPE31	p.Phe223Ser
Chromosome	2049097	G	C	missense_variant	MODERATE	PPE31	p.Val234Leu
Chromosome	2051746	T	C	synonymous_variant	LOW	PPE33	p.Ala155Ala
Chromosome	2052035	G	T	missense_variant	MODERATE	PPE33	p.Val252Leu
Chromosome	2052180	G	A	missense_variant	MODERATE	PPE33	p.Gly300Glu
Chromosome	2054666	C	T	missense_variant	MODERATE	Rv1812c	p.Gly232Ser
Chromosome	2055271	A	G	missense_variant	MODERATE	Rv1812c	p.Leu30Pro
Chromosome	2057774	A	T	missense_variant	MODERATE	Rv1815	p.Ile83Phe
Chromosome	2058219	G	A	upstream_gene_variant	MODIFIER	Rv1812c	
Chromosome	2061424	G	A	synonymous_variant	LOW	PE_PGRS33	p.Phe417Phe
Chromosome	2078712	G	C	upstream_gene_variant	MODIFIER	lipZ	
Chromosome	2094911	ACAGCGTCAGCGTCAG	ACAGCGTCAG	conservative_inframe_deletion	MODERATE	gnd1	p.Asp89_Ala90del
Chromosome	2096186	A	G	synonymous_variant	LOW	blaI	p.Thr138Thr
Chromosome	2101831	C	T	synonymous_variant	LOW	ndh	p.Leu404Leu
Chromosome	2109523	CGG	CGGG	upstream_gene_variant	MODIFIER	Rv1856c	
Chromosome	2111114	C	T	missense_variant	MODERATE	Rv1863c	p.Arg83His
Chromosome	2116261	G	A	synonymous_variant	LOW	Rv1867	p.Pro166Pro
Chromosome	2116903	C	T	synonymous_variant	LOW	Rv1867	p.Gly380Gly
Chromosome	2117323	A	C	upstream_gene_variant	MODIFIER	Rv1865c	
Chromosome	2122395	C	T	missense_variant	MODERATE	lldD2	p.Val253Met
Chromosome	2123169	T	G	upstream_gene_variant	MODIFIER	Rv1869c	
Chromosome	2128870	A	G	synonymous_variant	LOW	glnA3	p.Leu283Leu
Chromosome	2133468	TTCGCAT	TTCGCATGCCGTCACCTCGCAT	conservative_inframe_insertion	MODERATE	Rv1883c	p.Val73_Cys74insCysGluValThrAla
Chromosome	2135312	C	T	missense_variant	MODERATE	fbpB	p.Ala186Thr
Chromosome	2135870	T	C	upstream_gene_variant	MODIFIER	cyp140	
Chromosome	2143328	G	C	missense_variant	MODERATE	Rv1895	p.Val270Leu
Chromosome	2145740	TCCCCCC	TCCCCC	frameshift_variant	HIGH	lppD	p.Asp169fs
Chromosome	2147022	A	C	missense_variant	MODERATE	lipJ	p.Ile204Met
Chromosome	2149005	G	A	upstream_gene_variant	MODIFIER	Rv1896c	
Chromosome	2155168	C	G	missense_variant	MODERATE	katG	p.Ser315Thr
Chromosome	2156173	G	T	synonymous_variant	LOW	furA	p.Ser140Ser
Chromosome	2163790	A	C	synonymous_variant	LOW	PPE34	p.Pro1174Pro
Chromosome	2165286	A	C	missense_variant	MODERATE	PPE34	p.Ser676Ala
Chromosome	2165503	T	A	synonymous_variant	LOW	PPE34	p.Ala603Ala
Chromosome	2186189	T	A	upstream_gene_variant	MODIFIER	Rv1928c	
Chromosome	2190150	C	G	missense_variant	MODERATE	Rv1937	p.Ala552Gly
Chromosome	2192464	C	G	missense_variant	MODERATE	Rv1939	p.Ala124Gly
Chromosome	2204058	G	T	synonymous_variant	LOW	parD1	p.Ala56Ala
Chromosome	2207591	T	TC	upstream_gene_variant	MODIFIER	Rv1958c	
Chromosome	2211826	A	G	synonymous_variant	LOW	mce3C	p.Lys67Lys
Chromosome	2212308	G	A	missense_variant	MODERATE	mce3C	p.Arg228His
Chromosome	2216443	C	A	missense_variant	MODERATE	mce3F	p.Ala396Glu
Chromosome	2220512	T	G	synonymous_variant	LOW	Rv1977	p.Ser253Ser
Chromosome	2223214	T	G	upstream_gene_variant	MODIFIER	Rv1976c	
Chromosome	2223293	T	C	upstream_gene_variant	MODIFIER	Rv1976c	
Chromosome	2223927	T	C	missense_variant	MODERATE	mpt64	p.Thr35Ala
Chromosome	2228967	A	G	upstream_gene_variant	MODIFIER	mpt64	
Chromosome	2243175	T	C	missense_variant	MODERATE	Rv1998c	p.Ile183Val
Chromosome	2250496	A	C	missense_variant	MODERATE	Rv2004c	p.Leu160Arg
Chromosome	2251999	A	G	upstream_gene_variant	MODIFIER	Rv2003c	
Chromosome	2260525	C	T	upstream_gene_variant	MODIFIER	fdxA	
Chromosome	2264782	C	A	missense_variant	MODERATE	Rv2017	p.Ala262Glu
Chromosome	2265059	T	G	upstream_gene_variant	MODIFIER	Rv2015c	
Chromosome	2269780	T	C	missense_variant	MODERATE	Rv2024c	p.Asp154Gly
Chromosome	2270102	A	G	missense_variant	MODERATE	Rv2024c	p.Trp47Arg
Chromosome	2281224	G	A	upstream_gene_variant	MODIFIER	pfkB	
Chromosome	2282787	C	T	missense_variant	MODERATE	Rv2037c	p.Cys312Tyr
Chromosome	2285251	C	A	missense_variant	MODERATE	Rv2039c	p.Val131Phe
Chromosome	2287121	A	G	synonymous_variant	LOW	Rv2041c	p.Asp242Asp
Chromosome	2296042	G	C	missense_variant	MODERATE	pks12	p.Pro3649Ala
Chromosome	2300237	A	G	synonymous_variant	LOW	pks12	p.Ala2250Ala
Chromosome	2300546	A	T	missense_variant	MODERATE	pks12	p.His2147Gln
Chromosome	2300552	T	G	synonymous_variant	LOW	pks12	p.Pro2145Pro
Chromosome	2300555	A	G	synonymous_variant	LOW	pks12	p.Asp2144Asp
Chromosome	2329533	A	G	missense_variant	MODERATE	cobL	p.Leu205Pro
Chromosome	2333753	T	G	missense_variant	MODERATE	Rv2077c	p.Gln181Pro
Chromosome	2335347	G	A	missense_variant	MODERATE	Rv2078	p.Ala97Thr
Chromosome	2335494	A	G	missense_variant	MODERATE	Rv2079	p.Tyr47Cys
Chromosome	2340621	C	G	missense_variant	MODERATE	Rv2082	p.Pro638Arg
Chromosome	2341636	C	G	missense_variant	MODERATE	Rv2083	p.Leu256Val
Chromosome	2357268	TGCCGCCGCCGCCGCCGCCG	TGCCGCCGCCGCCGCCG	upstream_gene_variant	MODIFIER	tatC	
Chromosome	2361604	C	G	synonymous_variant	LOW	helZ	p.Val455Val
Chromosome	2362041	C	A	missense_variant	MODERATE	helZ	p.Pro601Gln
Chromosome	2368564	TAA	TA	upstream_gene_variant	MODIFIER	vapC37	
Chromosome	2386389	G	A	missense_variant	MODERATE	Rv2125	p.Gly33Ser
Chromosome	2387733	T	C	synonymous_variant	LOW	PE_PGRS37	p.Glu80Glu
Chromosome	2415656	G	C	missense_variant	MODERATE	murD	p.Arg247Gly
Chromosome	2424925	A	G	upstream_gene_variant	MODIFIER	murE	
Chromosome	2437006	G	A	synonymous_variant	LOW	mptA	p.Ala366Ala
Chromosome	2439401	A	G	missense_variant	MODERATE	Rv2177c	p.Tyr183His
Chromosome	2439458	C	T	missense_variant	MODERATE	Rv2177c	p.Ala164Thr
Chromosome	2439460	A	G	missense_variant	MODERATE	Rv2177c	p.Ile163Thr
Chromosome	2456243	G	C	synonymous_variant	LOW	trpD	p.Arg167Arg
Chromosome	2469563	G	A	stop_gained	HIGH	Rv2205c	p.Gln301*
Chromosome	2475700	C	T	missense_variant	MODERATE	ilvE	p.Val91Met
Chromosome	2499726	G	A	missense_variant	MODERATE	Rv2226	p.Asp299Asn
Chromosome	2502487	C	T	synonymous_variant	LOW	Rv2228c	p.Arg84Arg
Chromosome	2509140	G	C	missense_variant	MODERATE	cobD	p.Ser79Cys
Chromosome	2509663	C	A	missense_variant	MODERATE	Rv2237	p.Leu59Met
Chromosome	2509722	A	G	synonymous_variant	LOW	Rv2237	p.Pro78Pro
Chromosome	2521342	T	C	synonymous_variant	LOW	accD6	p.Asp200Asp
Chromosome	2523205	GCG	GCGCCG	upstream_gene_variant	MODIFIER	Rv2250A	
Chromosome	2525722	CGGGGG	CGGGG	frameshift_variant	HIGH	Rv2250A	p.Gly109fs
Chromosome	2531742	A	G	synonymous_variant	LOW	Rv2258c	p.Ala52Ala
Chromosome	2534562	GGAG	GG	frameshift_variant	HIGH	Rv2262c	p.Leu330fs
Chromosome	2546462	G	A	upstream_gene_variant	MODIFIER	Rv2267c	
Chromosome	2548371	G	A	missense_variant	MODERATE	cyp121	p.Arg208His
Chromosome	2554033	G	A	synonymous_variant	LOW	pitB	p.Ala287Ala
Chromosome	2557009	CGGG	CGG	frameshift_variant	HIGH	lipM	p.Val290fs
Chromosome	2580320	G	A	upstream_gene_variant	MODIFIER	Rv2307c	
Chromosome	2580509	A	G	missense_variant	MODERATE	Rv2308	p.Thr31Ala
Chromosome	2586127	A	G	synonymous_variant	LOW	Rv2314c	p.Gly388Gly
Chromosome	2598400	A	G	synonymous_variant	LOW	Rv2326c	p.Asn516Asn
Chromosome	2612632	C	A	missense_variant	MODERATE	Rv2337c	p.Gly119Val
Chromosome	2617046	T	C	missense_variant	MODERATE	mmpL9	p.Met785Thr
Chromosome	2619227	CTCGT	C	upstream_gene_variant	MODIFIER	PE_PGRS39	
Chromosome	2626513	T	A	missense_variant	MODERATE	esxP	p.Thr3Ser
Chromosome	2626514	T	G	synonymous_variant	LOW	esxP	p.Ala2Ala
Chromosome	2635332	G	A	synonymous_variant	LOW	PPE39	p.Leu87Leu
Chromosome	2645789	A	C	synonymous_variant	LOW	era	p.Leu295Leu
Chromosome	2649346	G	A	missense_variant	MODERATE	phoH1	p.Ala210Val
Chromosome	2650682	G	C	missense_variant	MODERATE	Rv2370c	p.Gln293Glu
Chromosome	2653339	T	C	missense_variant	MODERATE	dnaJ2	p.Ile217Val
Chromosome	2656225	A	G	missense_variant	MODERATE	mbtH	p.Val69Ala
Chromosome	2660319	C	G	missense_variant	MODERATE	mbtF	p.Glu589Asp
Chromosome	2664668	C	A	missense_variant	MODERATE	mbtE	p.Glu816Asp
Chromosome	2672839	G	A	missense_variant	MODERATE	mbtB	p.Ser1000Leu
Chromosome	2677751	G	T	missense_variant	MODERATE	mbtJ	p.Gly8Val
Chromosome	2680658	T	G	upstream_gene_variant	MODIFIER	mbtB	
Chromosome	2695378	C	G	missense_variant	MODERATE	cysW	p.Gly141Ala
Chromosome	2701141	G	C	missense_variant	MODERATE	lppR	p.Asp50Glu
Chromosome	2703811	G	A	synonymous_variant	LOW	Rv2405	p.Arg181Arg
Chromosome	2712500	G	T	missense_variant	MODERATE	Rv2414c	p.Ala126Glu
Chromosome	2713795	C	T	upstream_gene_variant	MODIFIER	Rv2411c	
Chromosome	2718852	T	G	upstream_gene_variant	MODIFIER	eis	
Chromosome	2726141	C	A	upstream_gene_variant	MODIFIER	Rv2424c	
Chromosome	2734074	T	C	missense_variant	MODERATE	rbsK	p.Val282Ala
Chromosome	2751126	C	G	synonymous_variant	LOW	Rv2449c	p.Leu149Leu
Chromosome	2751804	C	T	missense_variant	MODERATE	rpfE	p.Arg126Gln
Chromosome	2752698	C	A	upstream_gene_variant	MODIFIER	valS	
Chromosome	2752888	G	A	missense_variant	MODERATE	Rv2452c	p.Ala36Val
Chromosome	2760152	A	G	missense_variant	MODERATE	mmuM	p.Tyr125Cys
Chromosome	2775223	C	T	upstream_gene_variant	MODIFIER	Rv2468c	
Chromosome	2778942	G	A	synonymous_variant	LOW	gdh	p.Gly1107Gly
Chromosome	2779136	T	C	missense_variant	MODERATE	gdh	p.Ser1043Gly
Chromosome	2786952	A	G	missense_variant	MODERATE	plsB2	p.Cys778Arg
Chromosome	2791572	A	G	missense_variant	MODERATE	Rv2484c	p.Val308Ala
Chromosome	2796106	C	A	missense_variant	MODERATE	PE_PGRS42	p.Gly427Val
Chromosome	2796449	C	G	missense_variant	MODERATE	PE_PGRS42	p.Gly313Arg
Chromosome	2805250	CCCGGCACCGCCGGCACCGCCGGC	CCCGGCACCGCCGGC	conservative_inframe_deletion	MODERATE	PE_PGRS43	p.Ala322_Gly324del
Chromosome	2809621	T	C	missense_variant	MODERATE	bkdC	p.Thr107Ala
Chromosome	2818837	A	G	synonymous_variant	LOW	scoB	p.Gly97Gly
Chromosome	2821342	C	T	synonymous_variant	LOW	fadD35	p.Ala85Ala
Chromosome	2827364	G	A	missense_variant	MODERATE	orn	p.Asp70Asn
Chromosome	2827984	G	T	upstream_gene_variant	MODIFIER	Rv2508c	
Chromosome	2828019	T	C	upstream_gene_variant	MODIFIER	Rv2508c	
Chromosome	2829779	T	C	missense_variant	MODERATE	Rv2512c	p.Thr9Ala
Chromosome	2830525	C	A	missense_variant	MODERATE	Rv2513	p.Thr122Lys
Chromosome	2836063	G	C	synonymous_variant	LOW	PE26	p.Thr93Thr
Chromosome	2855259	A	G	synonymous_variant	LOW	Rv2531c	p.Ala841Ala
Chromosome	2865760	A	G	missense_variant	MODERATE	Rv2542	p.Thr211Ala
Chromosome	2865882	T	C	synonymous_variant	LOW	Rv2542	p.Val251Val
Chromosome	2871023	C	T	missense_variant	MODERATE	Rv2551c	p.Val58Met
Chromosome	2880475	A	G	missense_variant	MODERATE	Rv2560	p.Asn134Ser
Chromosome	2881519	G	T	missense_variant	MODERATE	Rv2561	p.Leu37Phe
Chromosome	2881597	AGGGGGG	AGGGGG	frameshift_variant	HIGH	Rv2561	p.Gln66fs
Chromosome	2888201	T	C	missense_variant	MODERATE	Rv2566	p.Leu610Pro
Chromosome	2889633	T	C	synonymous_variant	LOW	Rv2566	p.Ala1087Ala
Chromosome	2891267	C	T	synonymous_variant	LOW	Rv2567	p.Gly491Gly
Chromosome	2891728	A	G	missense_variant	MODERATE	Rv2567	p.Gln645Arg
Chromosome	2894208	G	A	synonymous_variant	LOW	Rv2569c	p.Ser67Ser
Chromosome	2910461	G	T	missense_variant	MODERATE	apt	p.Ala147Glu
Chromosome	2911293	C	G	missense_variant	MODERATE	Rv2585c	p.Cys462Ser
Chromosome	2912294	T	G	synonymous_variant	LOW	Rv2585c	p.Ala128Ala
Chromosome	2923391	T	C	synonymous_variant	LOW	ruvB	p.Pro281Pro
Chromosome	2927928	G	A	upstream_gene_variant	MODIFIER	ruvB	
Chromosome	2927939	T	C	upstream_gene_variant	MODIFIER	ruvB	
Chromosome	2939373	G	C	missense_variant	MODERATE	Rv2611c	p.Ser197Cys
Chromosome	2939657	T	C	missense_variant	MODERATE	Rv2611c	p.Ile102Met
Chromosome	2940354	C	G	missense_variant	MODERATE	pgsA1	p.Val87Leu
Chromosome	2944769	G	C	missense_variant	MODERATE	PE_PGRS45	p.Gln73Glu
Chromosome	2944773	A	G	synonymous_variant	LOW	PE_PGRS45	p.Tyr71Tyr
Chromosome	2944833	G	C	synonymous_variant	LOW	PE_PGRS45	p.Ala51Ala
Chromosome	2944932	T	C	synonymous_variant	LOW	PE_PGRS45	p.Ala18Ala
Chromosome	2954439	T	C	missense_variant	MODERATE	Rv2627c	p.Arg104Gly
Chromosome	2974933	A	G	missense_variant	MODERATE	Rv2650c	p.Ile101Thr
Chromosome	2982158	C	T	missense_variant	MODERATE	Rv2664	p.Ala21Val
Chromosome	2983613	G	A	synonymous_variant	LOW	Rv2666	p.Gly181Gly
Chromosome	2984740	A	G	missense_variant	MODERATE	Rv2668	p.His3Arg
Chromosome	2991819	C	T	missense_variant	MODERATE	Rv2675c	p.Val40Met
Chromosome	3009692	A	G	missense_variant	MODERATE	ceoB	p.Thr117Ala
Chromosome	3010095	C	A	missense_variant	MODERATE	ceoC	p.His24Gln
Chromosome	3013594	T	C	synonymous_variant	LOW	Rv2696c	p.Arg5Arg
Chromosome	3017465	T	C	missense_variant	MODERATE	ppgK	p.Ile203Thr
Chromosome	3041871	G	T	missense_variant	MODERATE	Rv2729c	p.Ala202Glu
Chromosome	3051299	C	T	synonymous_variant	LOW	recA	p.Pro42Pro
Chromosome	3052163	C	T	missense_variant	MODERATE	Rv2739c	p.Ala343Thr
Chromosome	3054081	A	G	synonymous_variant	LOW	PE_PGRS47	p.Gly56Gly
Chromosome	3054321	A	G	synonymous_variant	LOW	PE_PGRS47	p.Gly136Gly
Chromosome	3054724	A	G	missense_variant	MODERATE	PE_PGRS47	p.Ser271Gly
Chromosome	3055067	TCGGCGGCGACGGCGGCGACGGCGG	TCGGCGGCGACGGCGG	disruptive_inframe_deletion	MODERATE	PE_PGRS47	p.Asp391_Gly393del
Chromosome	3065517	G	A	synonymous_variant	LOW	Rv2752c	p.Leu225Leu
Chromosome	3074495	G	A	upstream_gene_variant	MODIFIER	hsdM	
Chromosome	3080795	A	G	missense_variant	MODERATE	Rv2771c	p.Leu80Pro
Chromosome	3103682	T	C	missense_variant	MODERATE	pptT	p.Met87Val
Chromosome	3115747	T	C	synonymous_variant	LOW	Rv2810c	p.Ala132Ala
Chromosome	3116413	G	T	missense_variant	MODERATE	Rv2811	p.Arg92Leu
Chromosome	3118000	A	G	missense_variant	MODERATE	Rv2812	p.Arg395Gly
Chromosome	3130977	G	A	missense_variant	MODERATE	Rv2823c	p.Thr266Ile
Chromosome	3131469	TTGT	TTGTCGGCGATGT	conservative_inframe_insertion	MODERATE	Rv2823c	p.Tyr101_Asn102insIleAlaAsp
Chromosome	3132143	G	A	missense_variant	MODERATE	Rv2824c	p.Ala191Val
Chromosome	3133536	T	C	missense_variant	MODERATE	Rv2825c	p.Lys2Glu
Chromosome	3137058	G	A	missense_variant	MODERATE	vapB22	p.Ala56Val
Chromosome	3153327	T	C	synonymous_variant	LOW	efpA	p.Val435Val
Chromosome	3177884	C	A	synonymous_variant	LOW	relG	p.Arg21Arg
Chromosome	3182770	G	A	missense_variant	MODERATE	dxr	p.Pro81Leu
Chromosome	3184756	C	A	upstream_gene_variant	MODIFIER	gcpE	
Chromosome	3186860	T	G	missense_variant	MODERATE	dipZ	p.Tyr672Asp
Chromosome	3190145	TCCCCCC	TCCCCC	frameshift_variant	HIGH	Rv2879c	p.Glu3fs
Chromosome	3226181	A	C	synonymous_variant	LOW	ffh	p.Arg35Arg
Chromosome	3228143	G	T	missense_variant	MODERATE	Rv2917	p.Arg594Leu
Chromosome	3244184	A	G	missense_variant	MODERATE	fadD26	p.Gln163Arg
Chromosome	3247316	C	G	missense_variant	MODERATE	ppsA	p.Asp624Glu
Chromosome	3247851	G	A	missense_variant	MODERATE	ppsA	p.Ala803Thr
Chromosome	3247853	C	T	synonymous_variant	LOW	ppsA	p.Ala803Ala
Chromosome	3247856	G	C	synonymous_variant	LOW	ppsA	p.Arg804Arg
Chromosome	3247874	G	A	synonymous_variant	LOW	ppsA	p.Arg810Arg
Chromosome	3247877	T	C	synonymous_variant	LOW	ppsA	p.Phe811Phe
Chromosome	3247883	T	C	synonymous_variant	LOW	ppsA	p.Ser813Ser
Chromosome	3248074	G	A	missense_variant	MODERATE	ppsA	p.Arg877His
Chromosome	3248075	C	T	synonymous_variant	LOW	ppsA	p.Arg877Arg
Chromosome	3256494	A	G	synonymous_variant	LOW	ppsC	p.Gly270Gly
Chromosome	3267387	G	A	missense_variant	MODERATE	ppsD	p.Ala1714Thr
Chromosome	3269581	A	G	synonymous_variant	LOW	ppsE	p.Ala615Ala
Chromosome	3270784	A	G	synonymous_variant	LOW	ppsE	p.Gln1016Gln
Chromosome	3272039	C	T	missense_variant	MODERATE	ppsE	p.Pro1435Ser
Chromosome	3284006	T	C	synonymous_variant	LOW	fadD28	p.Gly224Gly
Chromosome	3296843	A	G	missense_variant	MODERATE	pks15	p.Val333Ala
Chromosome	3308606	G	A	upstream_gene_variant	MODIFIER	Rv2951c	
Chromosome	3311738	G	C	missense_variant	MODERATE	Rv2958c	p.Pro88Arg
Chromosome	3320035	A	T	synonymous_variant	LOW	pca	p.Arg1004Arg
Chromosome	3336825	T	C	missense_variant	MODERATE	ddlA	p.Thr365Ala
Chromosome	3338192	C	T	missense_variant	MODERATE	gpdA2	p.Gly270Ser
Chromosome	3338603	G	C	missense_variant	MODERATE	gpdA2	p.Pro133Ala
Chromosome	3340871	G	T	missense_variant	MODERATE	ppk1	p.Gly340Cys
Chromosome	3352220	G	T	missense_variant	MODERATE	Rv2994	p.Val318Phe
Chromosome	3356467	G	T	missense_variant	MODERATE	Rv2997	p.Ala457Ser
Chromosome	3356521	G	A	missense_variant	MODERATE	Rv2997	p.Gly475Ser
Chromosome	3358235	A	T	missense_variant	MODERATE	lppY	p.Met212Leu
Chromosome	3363338	A	G	upstream_gene_variant	MODIFIER	ilvC	
Chromosome	3367036	G	T	synonymous_variant	LOW	Rv3008	p.Leu131Leu
Chromosome	3367765	G	A	synonymous_variant	LOW	gatB	p.Gly343Gly
Chromosome	3372246	G	A	synonymous_variant	LOW	Rv3013	p.Arg144Arg
Chromosome	3379708	G	C	upstream_gene_variant	MODIFIER	Rv3015c	
Chromosome	3379712	G	C	upstream_gene_variant	MODIFIER	Rv3015c	
Chromosome	3379718	T	C	upstream_gene_variant	MODIFIER	Rv3015c	
Chromosome	3379726	C	A	upstream_gene_variant	MODIFIER	Rv3015c	
Chromosome	3379730	G	C	upstream_gene_variant	MODIFIER	Rv3015c	
Chromosome	3379732	C	T	upstream_gene_variant	MODIFIER	Rv3015c	
Chromosome	3379735	A	C	upstream_gene_variant	MODIFIER	Rv3015c	
Chromosome	3379736	C	A	upstream_gene_variant	MODIFIER	Rv3015c	
Chromosome	3379742	T	C	upstream_gene_variant	MODIFIER	Rv3015c	
Chromosome	3379751	A	C	upstream_gene_variant	MODIFIER	Rv3015c	
Chromosome	3379757	A	C	upstream_gene_variant	MODIFIER	Rv3015c	
Chromosome	3379763	G	A	upstream_gene_variant	MODIFIER	Rv3015c	
Chromosome	3379784	C	A	upstream_gene_variant	MODIFIER	Rv3015c	
Chromosome	3379788	C	G	upstream_gene_variant	MODIFIER	Rv3015c	
Chromosome	3380439	GC	GCC	splice_region_variant&non_coding_transcript_exon_variant	LOW	PPE48	
Chromosome	3381641	G	T	missense_variant	MODERATE	Rv3023c	p.Gln328Lys
Chromosome	3382598	C	T	missense_variant	MODERATE	Rv3023c	p.Ala9Thr
Chromosome	3387022	GCCCCCC	GCCCCC	upstream_gene_variant	MODIFIER	Rv3023c	
Chromosome	3399453	C	T	missense_variant	MODERATE	echA17	p.Gly244Asp
Chromosome	3402816	C	T	missense_variant	MODERATE	serB2	p.Gly116Glu
Chromosome	3405062	A	G	upstream_gene_variant	MODIFIER	echA17	
Chromosome	3405918	G	A	synonymous_variant	LOW	fecB	p.Pro261Pro
Chromosome	3415180	ACACCTAGGGGGTGGCACCTAGGGGGTGGCAC	ACACCTAGGGGGTGGCAC	upstream_gene_variant	MODIFIER	Rv3049c	
Chromosome	3419274	C	T	missense_variant	MODERATE	Rv3058c	p.Glu35Lys
Chromosome	3423242	T	C	upstream_gene_variant	MODIFIER	Rv3057c	
Chromosome	3425854	C	T	missense_variant	MODERATE	ligB	p.Pro91Ser
Chromosome	3428917	C	A	missense_variant	MODERATE	cstA	p.Arg559Ser
Chromosome	3431123	C	A	synonymous_variant	LOW	Rv3066	p.Leu139Leu
Chromosome	3437229	G	T	missense_variant	MODERATE	Rv3074	p.Ala151Ser
Chromosome	3440464	T	G	synonymous_variant	LOW	Rv3077	p.Arg308Arg
Chromosome	3440468	G	C	missense_variant	MODERATE	Rv3077	p.Gly310Arg
Chromosome	3444128	C	T	missense_variant	MODERATE	pknK	p.Gly621Arg
Chromosome	3456666	A	G	synonymous_variant	LOW	fadD13	p.Ala302Ala
Chromosome	3462135	G	C	missense_variant	MODERATE	Rv3093c	p.Cys210Trp
Chromosome	3466947	A	C	missense_variant	MODERATE	lipY	p.Ser49Ala
Chromosome	3474299	A	G	missense_variant	MODERATE	fprA	p.Asp98Gly
Chromosome	3481475	G	A	missense_variant	MODERATE	Rv3115	p.Ala9Thr
Chromosome	3482432	C	A	missense_variant	MODERATE	Rv3115	p.Gln328Lys
Chromosome	3482845	AGGCAC	A	frameshift_variant	HIGH	moeB2	p.Arg24fs
Chromosome	3486505	T	G	upstream_gene_variant	MODIFIER	cyp141	
Chromosome	3486977	A	G	missense_variant	MODERATE	cyp141	p.Lys157Glu
Chromosome	3500967	C	T	upstream_gene_variant	MODIFIER	tgs1	
Chromosome	3503895	C	T	missense_variant	MODERATE	Rv3137	p.Pro168Leu
Chromosome	3505708	A	C	missense_variant	MODERATE	fadE24	p.Ile116Leu
Chromosome	3505751	C	T	missense_variant	MODERATE	fadE24	p.Pro130Leu
Chromosome	3507606	A	G	missense_variant	MODERATE	fadE23	p.Ile273Val
Chromosome	3518167	A	G	missense_variant	MODERATE	nuoG	p.Ile474Met
Chromosome	3518555	A	G	missense_variant	MODERATE	nuoG	p.Thr604Ala
Chromosome	3526795	G	A	missense_variant	MODERATE	nuoN	p.Val336Ile
Chromosome	3559838	C	T	synonymous_variant	LOW	Rv3192	p.Tyr92Tyr
Chromosome	3580636	CTTT	CTT	frameshift_variant&start_lost	HIGH	lipV	p.Met1fs
Chromosome	3581414	A	G	missense_variant	MODERATE	Rv3204	p.Thr34Ala
Chromosome	3590686	G	GC	upstream_gene_variant	MODIFIER	TB9.4	
Chromosome	3591063	T	C	missense_variant	MODERATE	Rv3213c	p.Lys144Glu
Chromosome	3594394	G	C	upstream_gene_variant	MODIFIER	Rv3213c	
Chromosome	3594395	G	A	upstream_gene_variant	MODIFIER	Rv3213c	
Chromosome	3594398	T	C	upstream_gene_variant	MODIFIER	Rv3213c	
Chromosome	3594400	A	G	upstream_gene_variant	MODIFIER	Rv3213c	
Chromosome	3595832	C	T	synonymous_variant	LOW	whiB1	p.Cys40Cys
Chromosome	3604821	G	C	synonymous_variant	LOW	Rv3228	p.Ala32Ala
Chromosome	3612219	C	T	missense_variant	MODERATE	Rv3236c	p.Val300Ile
Chromosome	3614982	T	C	synonymous_variant	LOW	Rv3239c	p.Leu874Leu
Chromosome	3617473	T	C	missense_variant	MODERATE	Rv3239c	p.Asn44Ser
Chromosome	3622441	A	C	synonymous_variant	LOW	Rv3243c	p.Val217Val
Chromosome	3630854	A	T	missense_variant	MODERATE	alkB	p.Trp379Arg
Chromosome	3636999	C	G	missense_variant	MODERATE	Rv3256c	p.Gly106Ala
Chromosome	3649494	C	A	synonymous_variant	LOW	Rv3268	p.Ser25Ser
Chromosome	3661423	C	T	missense_variant	MODERATE	birA	p.Arg197Gln
Chromosome	3687564	T	G	missense_variant	MODERATE	phoY1	p.Tyr5Ser
Chromosome	3687991	C	T	synonymous_variant	LOW	glpD2	p.Val484Val
Chromosome	3689523	G	T	stop_gained	HIGH	lpdA	p.Cys472*
Chromosome	3699251	C	A	synonymous_variant	LOW	Rv3311	p.Arg377Arg
Chromosome	3704596	G	C	missense_variant	MODERATE	sdhD	p.Val54Leu
Chromosome	3714211	G	T	missense_variant	MODERATE	sigJ	p.Pro41Gln
Chromosome	3718357	C	T	missense_variant	MODERATE	sugI	p.Pro423Leu
Chromosome	3721806	G	C	synonymous_variant	LOW	Rv3335c	p.Gly265Gly
Chromosome	3729613	C	T	synonymous_variant	LOW	PPE54	p.Leu2441Leu
Chromosome	3730466	A	G	missense_variant	MODERATE	PPE54	p.Ile2157Thr
Chromosome	3732003	CGGGG	CGGG	frameshift_variant	HIGH	PPE54	p.Ala1645fs
Chromosome	3732370	A	G	synonymous_variant	LOW	PPE54	p.Asn1522Asn
Chromosome	3732517	A	G	synonymous_variant	LOW	PPE54	p.Ile1473Ile
Chromosome	3732525	A	T	missense_variant	MODERATE	PPE54	p.Phe1471Ile
Chromosome	3732553	A	G	synonymous_variant	LOW	PPE54	p.Ile1461Ile
Chromosome	3732624	A	G	synonymous_variant	LOW	PPE54	p.Leu1438Leu
Chromosome	3732971	G	T	missense_variant	MODERATE	PPE54	p.Pro1322Gln
Chromosome	3735865	A	G	synonymous_variant	LOW	PPE54	p.Asn357Asn
Chromosome	3735931	G	A	synonymous_variant	LOW	PPE54	p.Ser335Ser
Chromosome	3735967	G	A	synonymous_variant	LOW	PPE54	p.Ser323Ser
Chromosome	3736024	A	G	synonymous_variant	LOW	PPE54	p.Gly304Gly
Chromosome	3736179	G	A	synonymous_variant	LOW	PPE54	p.Leu253Leu
Chromosome	3736628	T	G	missense_variant	MODERATE	PPE54	p.Glu103Ala
Chromosome	3737565	C	A	missense_variant	MODERATE	PE_PGRS49	p.Asp292Tyr
Chromosome	3738516	CTGCCGCCGCTGCCGCCGT	CTGCCGCCGCTGCCGCCGTTGCCGCCGCTGCCGCCGT	conservative_inframe_insertion	MODERATE	PE_PGRS50	p.His1414_Gly1415insGlyGlySerGlyGlyAsn
Chromosome	3739496	GACACCGCCAACACCGC	GACACCGC	conservative_inframe_deletion	MODERATE	PE_PGRS50	p.Gly1089_Gly1091del
Chromosome	3741267	GCCTTGCCGCCGTCACCGCCCTTGCCGCCGT	GCCTTGCCGCCGT	conservative_inframe_deletion	MODERATE	PE_PGRS50	p.Gly494_Asp499del
Chromosome	3746409	A	G	missense_variant	MODERATE	PPE55	p.Leu2259Pro
Chromosome	3750242	G	A	synonymous_variant	LOW	PPE55	p.Gly981Gly
Chromosome	3752207	A	G	synonymous_variant	LOW	PPE55	p.Ile326Ile
Chromosome	3752975	G	C	synonymous_variant	LOW	PPE55	p.Ala70Ala
Chromosome	3753164	T	G	synonymous_variant	LOW	PPE55	p.Pro7Pro
Chromosome	3766495	A	C	missense_variant	MODERATE	PPE56	p.Val203Gly
Chromosome	3769796	C	A	missense_variant	MODERATE	Rv3355c	p.Arg4Ser
Chromosome	3772959	C	T	synonymous_variant	LOW	Rv3360	p.His103His
Chromosome	3775801	G	A	synonymous_variant	LOW	Rv3365c	p.Gly567Gly
Chromosome	3779671	CGGCAACGGTGGCAACGGTGGCAACGGTG	CGGCAACGGTGGCAACGGTGGCAACGGTGGCAACGGTG	disruptive_inframe_insertion	MODERATE	PE_PGRS51	p.Gly375_Gly377dup
Chromosome	3779922	ACGGCGGCACCGGCGGC	ACGGCGGCACCGGCGGCACCGGCGGC	conservative_inframe_insertion	MODERATE	PE_PGRS51	p.Thr455_Gly457dup
Chromosome	3798095	A	C	missense_variant	MODERATE	idsB	p.Val132Gly
Chromosome	3801618	G	A	upstream_gene_variant	MODIFIER	lytB1	
Chromosome	3803109	C	G	missense_variant	MODERATE	PE_PGRS52	p.Ala486Gly
Chromosome	3817117	C	A	missense_variant	MODERATE	Rv3399	p.Ala330Glu
Chromosome	3821190	G	A	synonymous_variant	LOW	Rv3402c	p.Gly234Gly
Chromosome	3823159	A	T	synonymous_variant	LOW	Rv3403c	p.Val235Val
Chromosome	3826684	C	T	missense_variant	MODERATE	vapC47	p.Ser46Leu
Chromosome	3829770	T	C	synonymous_variant	LOW	guaB3	p.Pro47Pro
Chromosome	3829934	C	T	missense_variant	MODERATE	guaB2	p.Arg529His
Chromosome	3838871	A	G	synonymous_variant	LOW	rimI	p.Ala64Ala
Chromosome	3842425	T	A	missense_variant	MODERATE	PPE57	p.Leu63Met
Chromosome	3842438	T	C	missense_variant	MODERATE	PPE57	p.Val67Ala
Chromosome	3842441	A	G	missense_variant	MODERATE	PPE57	p.Glu68Gly
Chromosome	3842452	C	G	missense_variant	MODERATE	PPE57	p.Gln72Glu
Chromosome	3842454	A	C	missense_variant	MODERATE	PPE57	p.Gln72His
Chromosome	3842461	T	A	missense_variant	MODERATE	PPE57	p.Ser75Thr
Chromosome	3847215	T	C	synonymous_variant	LOW	PPE59	p.Gly17Gly
Chromosome	3847221	T	C	synonymous_variant	LOW	PPE59	p.Gly19Gly
Chromosome	3847310	G	A	missense_variant	MODERATE	PPE59	p.Gly49Asp
Chromosome	3847318	C	G	missense_variant	MODERATE	PPE59	p.Gln52Glu
Chromosome	3847320	G	T	missense_variant	MODERATE	PPE59	p.Gln52His
Chromosome	3859893	C	T	synonymous_variant	LOW	Rv3440c	p.Glu28Glu
Chromosome	3862472	GAA	GA	upstream_gene_variant	MODIFIER	Rv3439c	
Chromosome	3864995	T	C	missense_variant	MODERATE	eccC4	p.Ser1082Gly
Chromosome	3865516	G	A	missense_variant	MODERATE	eccC4	p.Ala908Val
Chromosome	3869335	C	T	synonymous_variant	LOW	eccD4	p.Ala328Ala
Chromosome	3877421	A	G	synonymous_variant	LOW	rplQ	p.Pro4Pro
Chromosome	3883595	A	C	missense_variant	MODERATE	Rv3466	p.Asp24Ala
Chromosome	3883683	G	C	synonymous_variant	LOW	Rv3466	p.Val53Val
Chromosome	3883686	T	G	synonymous_variant	LOW	Rv3466	p.Gly54Gly
Chromosome	3883690	G	A	missense_variant	MODERATE	Rv3466	p.Ala56Thr
Chromosome	3883707	T	C	synonymous_variant	LOW	Rv3466	p.Leu61Leu
Chromosome	3883711	G	A	missense_variant	MODERATE	Rv3466	p.Ala63Thr
Chromosome	3884906	A	G	missense_variant	MODERATE	Rv3467	p.Lys315Glu
Chromosome	3885886	T	C	missense_variant	MODERATE	Rv3468c	p.Ile62Val
Chromosome	3892671	A	G	synonymous_variant	LOW	kgtP	p.Val350Val
Chromosome	3896340	T	G	missense_variant	MODERATE	Rv3479	p.Leu174Arg
Chromosome	3898408	A	G	synonymous_variant	LOW	Rv3479	p.Ala863Ala
Chromosome	3911760	C	A	missense_variant	MODERATE	mce4F	p.Gly537Val
Chromosome	3915986	A	G	missense_variant	MODERATE	mce4C	p.Val324Ala
Chromosome	3920045	A	C	synonymous_variant	LOW	yrbE4B	p.Thr6Thr
Chromosome	3926305	G	A	synonymous_variant	LOW	fadD17	p.Gly472Gly
Chromosome	3928769	G	A	missense_variant	MODERATE	PE_PGRS53	p.Gly734Asp
Chromosome	3928784	CCGGCGGGGCCGGCGG	CCGGCGGGGCCGGCGGTAACGGCGGGGCCGGCGG	disruptive_inframe_insertion	MODERATE	PE_PGRS53	p.Gly744_Gln745insAsnGlyGlyAlaGlyGly
Chromosome	3930077	C	G	missense_variant	MODERATE	PE_PGRS53	p.Ala1170Gly
Chromosome	3930476	ACGGCG	ACGGCGGCACCGGCG	disruptive_inframe_insertion	MODERATE	PE_PGRS53	p.Gly1304_Val1305insGlyThrGly
Chromosome	3931730	TGCGGG	TGCGGGCGGCGCGGG	disruptive_inframe_insertion	MODERATE	PE_PGRS54	p.Gly244_Gly245insGlyAlaGly
Chromosome	3932843	T	C	synonymous_variant	LOW	PE_PGRS54	p.Ala613Ala
Chromosome	3932919	G	A	missense_variant	MODERATE	PE_PGRS54	p.Ala639Thr
Chromosome	3932927	C	T	synonymous_variant	LOW	PE_PGRS54	p.Gly641Gly
Chromosome	3932928	A	G	missense_variant	MODERATE	PE_PGRS54	p.Thr642Ala
Chromosome	3932929	C	A	missense_variant	MODERATE	PE_PGRS54	p.Thr642Asn
Chromosome	3933458	CGGCGGCCAAGGCGGCCAAGGCGG	CGGCGGCCAAGGCGG	disruptive_inframe_deletion	MODERATE	PE_PGRS54	p.Gln824_Gly826del
Chromosome	3933939	T	G	missense_variant	MODERATE	PE_PGRS54	p.Ser979Ala
Chromosome	3934096	G	A	missense_variant	MODERATE	PE_PGRS54	p.Ser1031Asn
Chromosome	3934141	A	C	missense_variant	MODERATE	PE_PGRS54	p.Asn1046Thr
Chromosome	3934542	T	G	missense_variant	MODERATE	PE_PGRS54	p.Ser1180Ala
Chromosome	3934699	G	A	missense_variant	MODERATE	PE_PGRS54	p.Ser1232Asn
Chromosome	3935950	T	C	missense_variant	MODERATE	PE_PGRS54	p.Val1649Ala
Chromosome	3940564	C	T	synonymous_variant	LOW	PE_PGRS55	p.Leu316Leu
Chromosome	3940802	A	G	missense_variant	MODERATE	PE_PGRS55	p.Asn396Asp
Chromosome	3941834	G	C	synonymous_variant	LOW	PE_PGRS56	p.Gly37Gly
Chromosome	3941836	C	A	missense_variant	MODERATE	PE_PGRS56	p.Ala38Asp
Chromosome	3942640	T	C	missense_variant	MODERATE	PE_PGRS56	p.Ile306Thr
Chromosome	3942986	T	C	synonymous_variant	LOW	PE_PGRS56	p.Gly421Gly
Chromosome	3942989	T	C	synonymous_variant	LOW	PE_PGRS56	p.Gly422Gly
Chromosome	3942995	T	C	synonymous_variant	LOW	PE_PGRS56	p.Gly424Gly
Chromosome	3943019	C	G	synonymous_variant	LOW	PE_PGRS56	p.Ala432Ala
Chromosome	3943670	TGGCGCCGGCGGCGC	TGGCGC	disruptive_inframe_deletion	MODERATE	PE_PGRS56	p.Gly652_Ala654del
Chromosome	3947125	C	G	synonymous_variant	LOW	PE_PGRS57	p.Gly444Gly
Chromosome	3947126	G	A	missense_variant	MODERATE	PE_PGRS57	p.Ala445Thr
Chromosome	3947127	C	T	missense_variant	MODERATE	PE_PGRS57	p.Ala445Val
Chromosome	3947128	C	G	synonymous_variant	LOW	PE_PGRS57	p.Ala445Ala
Chromosome	3947988	TCGGCGGGGCCGGCGG	TCGGCGGGGCCGGCGGGGCCGGCGG	disruptive_inframe_insertion	MODERATE	PE_PGRS57	p.Gly737_Ser738insAlaGlyGly
Chromosome	3948404	T	G	missense_variant	MODERATE	PE_PGRS57	p.Cys871Gly
Chromosome	3948414	T	G	missense_variant	MODERATE	PE_PGRS57	p.Val874Gly
Chromosome	3948417	T	G	missense_variant	MODERATE	PE_PGRS57	p.Val875Gly
Chromosome	3948612	ACGGCGGCACCGGCGGCACCGGCGGCACCGGCGGCA	ACGGCGGCACCGGCGGCACCGGCGGCACCGGCGGCACCGGCGGCA	disruptive_inframe_insertion	MODERATE	PE_PGRS57	p.Thr949_Gly951dup
Chromosome	3949812	ACGGCGGCACCGGCGGCACCGGCGGCACCGGCGGCACCGGCGGCA	ACGGCGGCACCGGCGGCACCGGCGGCACCGGCGGCA	disruptive_inframe_deletion	MODERATE	PE_PGRS57	p.Thr1352_Gly1354del
Chromosome	3952800	G	A	missense_variant	MODERATE	echA19	p.Gly86Asp
Chromosome	3957395	A	G	upstream_gene_variant	MODIFIER	fadD19	
Chromosome	3958403	A	G	missense_variant	MODERATE	Rv3521	p.Asn295Asp
Chromosome	3959418	C	T	missense_variant	MODERATE	ltp4	p.Thr324Ile
Chromosome	3968354	T	C	synonymous_variant	LOW	Rv3531c	p.Lys197Lys
Chromosome	3974446	G	A	synonymous_variant	LOW	hsaG	p.Leu19Leu
Chromosome	3977383	A	T	missense_variant	MODERATE	Rv3538	p.Thr108Ser
Chromosome	3998565	A	T	missense_variant	MODERATE	PPE64	p.Asn196Tyr
Chromosome	4005607	T	C	synonymous_variant	LOW	fadE33	p.Leu121Leu
Chromosome	4022630	T	A	missense_variant	MODERATE	cysS1	p.Ile392Phe
Chromosome	4024273	T	C	synonymous_variant	LOW	ispF	p.Val25Val
Chromosome	4026899	G	A	synonymous_variant	LOW	radA	p.Gln152Gln
Chromosome	4028096	G	A	missense_variant	MODERATE	Rv3586	p.Cys69Tyr
Chromosome	4029017	G	A	missense_variant	MODERATE	Rv3587c	p.Pro249Leu
Chromosome	4032553	A	C	synonymous_variant	LOW	PE_PGRS58	p.Gly202Gly
Chromosome	4032559	G	A	synonymous_variant	LOW	PE_PGRS58	p.Asn200Asn
Chromosome	4034827	C	T	missense_variant	MODERATE	lpqF	p.Ala159Val
Chromosome	4036745	CCGGCTGGC	CC	frameshift_variant	HIGH	PE_PGRS59	p.Gln434fs
Chromosome	4049193	G	C	missense_variant	MODERATE	folP1	p.Ala263Gly
Chromosome	4055801	G	A	missense_variant	MODERATE	espA	p.Thr192Ile
Chromosome	4059904	A	G	upstream_gene_variant	MODIFIER	espC	
Chromosome	4060100	G	A	synonymous_variant	LOW	esxV	p.Leu57Leu
Chromosome	4060201	G	A	missense_variant	MODERATE	esxV	p.Ser23Leu
Chromosome	4060210	T	A	missense_variant	MODERATE	esxV	p.Gln20Leu
Chromosome	4060230	G	A	synonymous_variant	LOW	esxV	p.His13His
Chromosome	4069292	G	A	missense_variant	MODERATE	Rv3630	p.Ala40Thr
Chromosome	4089374	T	C	synonymous_variant	LOW	Rv3649	p.Gly198Gly
Chromosome	4093320	G	C	upstream_gene_variant	MODIFIER	cspA	
Chromosome	4095001	CG	C	frameshift_variant	HIGH	Rv3655c	p.Ser100fs
Chromosome	4097319	G	A	missense_variant	MODERATE	Rv3659c	p.Arg226Trp
Chromosome	4099103	C	T	missense_variant	MODERATE	Rv3660c	p.Ala16Thr
Chromosome	4100975	T	C	upstream_gene_variant	MODIFIER	Rv3657c	
Chromosome	4101541	C	G	synonymous_variant	LOW	Rv3662c	p.Gly165Gly
Chromosome	4111303	G	C	synonymous_variant	LOW	Rv3669	p.Val159Val
Chromosome	4113612	ACATC	A	frameshift_variant	HIGH	Rv3672c	p.Asp243fs
Chromosome	4113617	G	A	synonymous_variant	LOW	Rv3672c	p.Leu242Leu
Chromosome	4114931	T	G	missense_variant	MODERATE	Rv3673c	p.Asn76Thr
Chromosome	4121895	G	T	upstream_gene_variant	MODIFIER	Rv3677c	
Chromosome	4148696	C	T	synonymous_variant	LOW	Rv3705c	p.Ala89Ala
Chromosome	4156099	C	A	missense_variant	MODERATE	dnaQ	p.Val211Leu
Chromosome	4157074	G	A	missense_variant	MODERATE	Rv3712	p.Gly32Ser
Chromosome	4162339	A	G	missense_variant	MODERATE	Rv3719	p.Thr12Ala
Chromosome	4168182	G	A	upstream_gene_variant	MODIFIER	dnaZX	
Chromosome	4182695	G	A	missense_variant	MODERATE	ligC	p.Arg313His
Chromosome	4185288	C	A	synonymous_variant	LOW	tgs2	p.Pro201Pro
Chromosome	4187485	T	C	synonymous_variant	LOW	Rv3736	p.Ala284Ala
Chromosome	4187817	A	G	missense_variant	MODERATE	Rv3737	p.Asp40Gly
Chromosome	4195044	GAGCAGAGCGCCCTCGGCGATCTGCCCGATGGCGGCCGCGCCGATCGCCGCGACCACCATCAGCAGA	GAGCAGA	conservative_inframe_deletion	MODERATE	ctpJ	p.Leu89_Ala108del
Chromosome	4195104	C	G	synonymous_variant	LOW	ctpJ	p.Leu90Leu
Chromosome	4198611	CGGGGG	CGGGG	upstream_gene_variant	MODIFIER	ctpJ	
Chromosome	4204441	A	G	synonymous_variant	LOW	proX	p.His311His
Chromosome	4210274	A	G	missense_variant	MODERATE	tcrY	p.Cys246Arg
Chromosome	4216745	T	C	upstream_gene_variant	MODIFIER	tcrX	
Chromosome	4221490	C	G	synonymous_variant	LOW	Rv3776	p.Leu134Leu
Chromosome	4222073	A	G	missense_variant	MODERATE	Rv3776	p.Met329Val
Chromosome	4222882	A	G	synonymous_variant	LOW	Rv3777	p.Leu63Leu
Chromosome	4242643	C	T	synonymous_variant	LOW	embC	p.Arg927Arg
Chromosome	4247431	G	C	missense_variant	MODERATE	embB	p.Met306Ile
Chromosome	4251361	C	T	missense_variant	MODERATE	fadE35	p.Arg93Trp
Chromosome	4254290	T	G	missense_variant	MODERATE	Rv3798	p.Leu433Arg
Chromosome	4255922	A	G	synonymous_variant	LOW	accD4	p.His9His
Chromosome	4286551	G	A	synonymous_variant	LOW	Rv3821	p.Leu193Leu
Chromosome	4292986	G	C	synonymous_variant	LOW	papA1	p.Leu63Leu
Chromosome	4293454	G	A	missense_variant	MODERATE	pks2	p.Ala2051Val
Chromosome	4294174	A	G	missense_variant	MODERATE	pks2	p.Met1811Thr
Chromosome	4295532	G	A	synonymous_variant	LOW	pks2	p.Ile1358Ile
Chromosome	4299695	G	C	upstream_gene_variant	MODIFIER	pks2	
Chromosome	4302036	T	C	missense_variant	MODERATE	Rv3827c	p.Thr252Ala
Chromosome	4306155	C	T	synonymous_variant	LOW	Rv3831	p.Ser133Ser
Chromosome	4307322	G	T	synonymous_variant	LOW	Rv3833	p.Ala152Ala
Chromosome	4326505	GGTCG	GGTCGTCG	conservative_inframe_insertion	MODERATE	ethA	p.Ala322dup
Chromosome	4328317	G	A	upstream_gene_variant	MODIFIER	ethA	
Chromosome	4338595	GC	G	upstream_gene_variant	MODIFIER	gltB	
Chromosome	4338732	G	A	upstream_gene_variant	MODIFIER	gltB	
Chromosome	4341390	A	G	missense_variant	MODERATE	espE	p.Asp374Gly
Chromosome	4346788	A	C	missense_variant	MODERATE	eccCa1	p.Lys103Thr
Chromosome	4349446	A	C	missense_variant	MODERATE	eccCb1	p.Asp207Ala
Chromosome	4351039	G	T	stop_gained	HIGH	PE35	p.Glu99*
Chromosome	4356110	G	C	synonymous_variant	LOW	eccD1	p.Leu368Leu
Chromosome	4359135	TGGGGTTCCCGGGGTGATCGGGGTTCCCGGGGTGATCGGGGTTCCCGG	TGGGGTTCCCGGGGTGATCGGGGTTCCCGG	conservative_inframe_deletion	MODERATE	espK	p.Pro201_Thr206del
Chromosome	4364282	T	C	missense_variant	MODERATE	mycP1	p.Glu159Gly
Chromosome	4366272	G	C	synonymous_variant	LOW	eccA2	p.Ala189Ala
Chromosome	4369822	C	T	missense_variant	MODERATE	mycP2	p.Gly117Ser
Chromosome	4375628	G	T	missense_variant	MODERATE	PPE69	p.Thr19Lys
Chromosome	4377112	A	C	missense_variant	MODERATE	eccC2	p.Val1114Gly
Chromosome	4379680	C	G	missense_variant	MODERATE	eccC2	p.Arg258Pro
Chromosome	4382054	T	C	synonymous_variant	LOW	Rv3896c	p.Ala266Ala
Chromosome	4382275	G	T	missense_variant	MODERATE	Rv3896c	p.Gln193Lys
Chromosome	4383144	CC	CCGGGGC	frameshift_variant	HIGH	Rv3897c	p.Gly166fs
Chromosome	4397020	C	T	synonymous_variant	LOW	Rv3910	p.Leu142Leu
Chromosome	4399155	G	A	missense_variant	MODERATE	Rv3910	p.Met853Ile
Chromosome	4400178	G	C	upstream_gene_variant	MODIFIER	sigM	
Chromosome	4400660	ACCC	ACC	frameshift_variant	HIGH	sigM	p.Arg160fs
Chromosome	4407967	A	C	missense_variant	MODERATE	gid	p.Leu79Trp
